317126502001,8.78,8.73,A,A+,A+,O,A,A,A+,,
317126502002,9.35,8.9,A+,O,O,A,A+,O,O,,
317126502003,7.43,7.4,B+,A,B+,A,B,A+,A,,
317126502004,5.17,,C,C,C,C,P,B+,B+,,
317126502006,5.83,5.7,B,C,B+,C,C,B+,B+,,
317126502007,9.87,9.31,A+,O,O,O,O,O,O,,
317126502008,9.74,9.13,A,O,O,O,O,O,O,,
317126502009,8.61,8.36,A,A+,A+,A,A,O,A+,,
317126502010,9.17,8.78,A+,A+,A+,O,A+,A+,A+,,
317126502011,,,P,P,C,F,P,C,F,,
317126502012,9.26,8.9,A+,O,A+,A+,A+,O,A+,,
317126502013,8.0,7.82,A,A,A,A,B+,A+,A+,,
317126502014,8.48,8.35,B+,A+,A+,A+,B+,O,A+,,
317126502015,,,C,P,P,C,F,C,A,,
317126502016,8.04,7.94,B+,A,A,A+,A,B+,A+,,
317126502017,9.13,8.9,A,A+,A+,O,A+,O,A+,,
317126502018,6.04,,C,B+,B+,C,P,A,A,,
317126502019,7.35,7.04,B+,B+,B+,A,B+,A,A,,
317126502020,,,F,F,F,F(Ab,F,F,B+,,
317126502021,6.83,6.67,B+,B+,B+,B+,B,B+,B+,,
317126502022,7.83,8.11,A,A,B+,A,A,A,A,,
317126502023,8.61,8.73,A,A+,A,A+,A,A+,O,,
317126502024,,,F,F,F,F(Ab,F,F,F,,
317126502025,9.35,9.04,A+,O,A+,A+,A+,O,O,,
317126502027,5.61,,C,C,C,B+,P,B+,A,,
317126502029,,,C,F,P,F,F,B,A,,
317126502030,5.52,5.76,C,C,B,P,C,A,A,,
317126502031,8.87,8.69,A,A+,A+,A,A+,O,O,,
318126502L01,7.78,7.56,B+,A,A,A,B+,A,A+,,
318126502L02,8.87,8.72,A,A+,A+,A+,A+,A+,A+,,
318126502L03,8.74,8.3,B+,A+,A+,A,A+,O,O,,
318126502L04,7.09,6.72,B+,B,A,B,B+,A,A+,,
318126502L05,,,F,P,P,F,F,B+,B+,,
318126502L06,7.3,6.77,B,A,A,B+,B+,A,B+,,
318126502L07,7.7,7.6,B+,A,A,B+,B+,A+,A+,,
318126502L08,7.04,6.56,B,B+,A,A,C,A,A,,
318126502L09,6.91,6.42,B+,B+,A,B+,P,A,A+,,
318126502L10,,,F,C,B+,B+,C,A,A+,,
318126502L11,7.48,6.72,B,A,A,A,B,A,A+,,
318126502L12,5.43,,C,P,B,B+,P,B,B+,,
318126502L13,,,P,P,P,P,F(Ab,B+,B+,,
318126502L14,6.3,,C,C,B+,A,P,A+,A,,
318126502L15,7.43,7.09,B+,A,A,A,C,A,A+,,
318126502L16,7.87,7.65,B+,A,A+,A,B,A+,A+,,
318126502L17,7.0,6.33,B+,B+,B+,B+,B,A,A,,
318126502L18,6.65,,B+,B,B,B+,B,A,A,,
316126508072,7.46,7.44,C,B+,B+,A,B+,A,O,A,A+
317126508001,,,B,B+,P,B+,F,B+,A+,B+,A+
317126508002,7.62,7.78,B+,B+,B+,A,B,A,A+,A+,O
317126508003,9.23,8.97,A,A+,O,A+,O,A,O,A+,O
317126508004,9.12,9.25,A+,A+,A+,A+,A+,A,O,O,O
317126508005,8.38,8.91,B+,A,A,A+,A,A,O,A+,O
317126508006,7.38,7.85,B+,B+,A,B+,B+,B+,A,B+,A+
317126508007,8.88,8.68,A,A,A+,A+,A+,A,O,O,O
317126508008,8.46,8.72,B+,A,A+,A+,A,A,O,A,O
317126508009,,,P,F,F,P,F,P,B+,B,A
317126508010,9.15,9.13,A,A+,O,O,A,A+,O,A+,O
317126508011,7.96,8.05,B+,A,A,B,A,A,O,A,O
317126508012,,,F,P,F,F,P,F,C,F(Ab,F(Ab
317126508013,,,P,P,F,C,P,B,A+,C,A+
317126508014,,,P,F,F,B,F,P,B+,F,O
317126508015,,,F,F,F,F(Ab,F,F,F(Ab,F(Ab,F(Ab
317126508016,,,F,F,F,F,F,F,C,F,F(Ab
317126508017,,,B+,C,F,B,P,B+,A,B,A
317126508018,6.27,6.56,B,C,B,C,P,B+,A+,A+,A+
317126508019,8.58,7.9,A,A,A+,A+,A,A,O,A,O
317126508020,,,P,P,F,P,F,C,B+,C,A+
317126508021,7.92,7.61,A,A,B+,A+,B+,B+,A+,A,O
317126508022,5.96,6.47,B+,B+,P,B+,P,P,A+,C,O
317126508023,,,C,B,F,C,P,B,A,A+,A+
317126508025,5.19,7.3,P,C,P,P,P,P,A+,A,A+
317126508028,8.46,8.7,B+,A,A+,A,A,A+,O,A,O
317126508029,8.27,8.18,B,A,A,A+,A,A,O,A+,O
317126508030,,,P,P,F,F,F,P,B+,C,C
317126508031,8.27,8.65,B+,A,A,A,A,A,O,A+,O
317126508032,5.23,6.65,C,P,P,C,P,P,A+,B,O
317126508033,,,F,F,F,P,F,P,C,C,C
317126508034,7.12,7.55,B+,B+,B,A,P,B+,O,A+,O
317126508035,7.23,7.17,B,B+,B+,B+,C,A,A+,A+,O
317126508036,,,F,F,F,F,F,P,C,F,F
317126508037,,,F,F,F,F,F,P,F,C,C
317126508038,5.04,5.64,P,B,P,P,P,C,A,C,A
317126508039,,,P,P,P,P,F,B,A,B+,B+
317126508040,,,P,F,F,F,F,F,A,A,F
317126508041,,,F,P,F,C,F,F,B+,F(Ab,F
317126508042,6.31,7.01,B,B,B,B+,C,C,O,C,A+
317126508043,,,F,P,F,P,F,P,C,F,B+
317126508044,,,P,P,P,P,F,P,A+,C,B+
317126508045,7.08,,B+,B,B,B+,C,A,A+,A+,O
317126508046,5.73,6.34,P,B,P,C,B+,B,B+,B,A
317126508047,6.69,6.89,B,B+,B+,B+,P,B,A+,A,A+
317126508048,,,P,C,F,B,F,B+,A,C,A
317126508049,7.73,7.92,B+,A,B+,A+,B+,B+,A+,B+,O
317126508051,8.35,9.09,A+,A,A,A,B+,A,O,A+,O
317126508052,8.19,8.27,B+,A,A,A,A,A,O,A,O
317126508053,,,F,F,F,F,F,F(Ab,F(Ab,C,F(Ab
317126508054,,,F,F,F,F,F,F,A,C,A
317126508055,8.23,8.74,A,A,A,A,B+,A,O,A+,O
317126508056,,,P,F,F,P,P,C,A+,B+,A+
318126508L01,8.69,8.92,A,A,A,A+,A,A+,O,O,O
318126508L02,7.88,7.9,A,B+,B+,A,B+,A,O,A,O
318126508L03,8.96,8.92,A,A+,A,A+,A+,A+,O,O,O
318126508L04,8.46,8.52,B+,A,B+,O,A,A+,O,A+,O
318126508L05,5.54,6.19,P,B,P,C,C,C,A,B+,A+
318126508L06,6.81,6.58,B+,B+,P,B,B+,B+,O,B+,A+
318126508L07,8.35,8.27,B+,A,A+,A,A,A,O,A,O
318126508L08,8.69,8.46,A,A,A,O,B+,O,O,A+,O
318126508L09,8.19,8.25,B+,A,B+,B+,A+,A+,O,A,O
318126508L10,8.62,8.31,B+,A,A+,A+,A+,A,O,A,O
318126508L11,7.54,6.85,B+,B+,B,A,B+,A,A+,A,O
318126508L12,7.62,6.96,B+,A,C,A+,B+,A,A+,A,O
318126508L13,,,P,B,P,B+,F,B,A,A,O
318126508L14,7.88,7.79,B+,B+,B+,A,B+,A+,O,A,O
318126508L15,8.96,9.0,A+,A+,A+,A,A+,A+,O,A,O
318126508L16,8.12,7.96,A,A,B+,A,B+,A+,A+,A+,O
317126510001,6.12,7.43,P,B+,C,B,B,A,A+,B+,
317126510002,6.84,7.48,B,B+,B,B,B+,A,A+,A,
317126510003,6.24,6.28,P,B,B,C,A,B+,A+,B+,
317126510004,,,F,P,P,P,F,B+,A+,B+,
317126510005,7.08,7.42,B+,B+,B+,B,B+,A,A+,B+,
317126510006,5.36,6.43,P,B,C,P,C,B+,A,B+,
317126510007,5.32,,P,C,C,P,B+,B,B+,B,
317126510008,7.68,7.98,A,A,B+,A,A,B,A+,B+,
317126510009,5.76,7.0,C,B,C,P,C,A+,A+,B+,
317126510010,8.4,8.64,A,A,A,B+,A+,O,O,A+,
317126510011,7.6,7.43,B+,A,B+,B+,A,A+,A+,B+,
317126510012,7.88,8.57,B+,B+,A,A,A,A+,A+,A,
317126510013,7.92,8.62,B+,A,A,A,A,A,A+,A,
317126510014,8.32,8.39,A+,A,B+,B+,A+,A+,O,A+,
317126510015,8.32,9.0,A,A,A,A,A,O,A+,A+,
317126510016,7.96,8.45,A,B+,B+,A,A,A,O,A+,
317126510017,,,P,P,F,F,P,B+,A+,B+,
317126510018,5.28,6.2,C,P,P,P,C,A,A+,B+,
317126510019,7.16,7.23,B+,B+,B+,B+,B+,A,A,B+,
317126510020,8.4,8.97,A,A,A,A,A+,A+,O,A,
317126510021,7.72,7.74,B+,B+,B+,A,A,A,O,A,
317126510022,8.0,8.54,B+,A,B+,A,A+,A+,A+,A,
317126510023,8.4,8.61,A,A,A,A,A+,A+,O,A,
317126510024,7.32,8.22,B+,B+,B,B+,A,A+,A+,B+,
317126510025,6.04,7.22,C,C,C,B+,B,B+,B+,A,
317126510026,,,P,F,P,P,P,A,A+,B+,
317126510027,7.0,7.53,B+,C,B,B,A,A+,O,B+,
317126510028,,,C,P,P,C,C,F,A,B,
317126510029,7.2,7.16,B+,B,B+,B+,B+,A+,A+,B+,
317126510030,8.76,8.97,A,B+,A+,A+,O,O,O,B+,
317126510031,,,F,P,P,F,B,B+,A+,B,
317126510032,5.52,6.02,P,B,B,P,C,B+,A,B+,
317126510033,6.2,6.32,C,B+,B,B,C,B+,A+,B+,
317126510034,7.24,7.71,B+,B+,B+,B+,B+,A,A+,B+,
317126510035,7.96,7.96,A,A+,A,B,A,A+,A+,A,
317126510036,9.28,9.43,A,O,A+,A+,O,O,O,A+,
317126510037,8.56,9.02,A,A,A+,A,A+,A+,O,A,
317126510038,8.56,8.98,A,O,A,A,A+,A+,A+,A,
317126510039,7.68,8.71,B+,A,B+,B+,A,A,O,A,
317126510040,5.56,6.16,P,C,P,C,C,A,A+,A+,
317126510041,9.0,9.32,A+,A+,A+,A,A+,O,O,A+,
317126510042,5.84,,B,P,B,P,B+,B,A,B+,
317126510043,7.6,7.93,C,A,A+,B+,A,A,A+,A,
317126510044,7.4,,B,B+,A,B+,A,B+,A+,A,
317126510045,8.24,8.88,A,A,A,B+,A,O,O,A+,
317126510046,6.08,,C,B,B,C,B,A,A+,B,
317126510047,7.28,,A,A,A,P,B+,A,A+,A,
317126510048,5.88,7.28,C,C,C,P,B,A+,A+,A,
317126510049,5.76,,P,B,C,P,B+,B+,A,A,
317126510050,8.68,8.77,A,A+,A+,A+,A,O,O,B+,
317126510051,8.04,8.5,A,A+,B+,A,A,A+,A+,B+,
317126510052,5.88,7.73,P,C,C,P,B+,A+,A+,A,
317126510053,8.32,8.32,A,A,A+,B+,A,A+,O,A+,
317126510054,,,P,B,B,P,F,B+,A,A,
317126510055,8.12,8.7,A,A+,A,B+,A,A+,A+,A,
317126510057,7.56,8.09,A,B+,A,B+,B,A+,A+,A,
317126510058,5.04,5.91,P,P,C,P,B,C,A,B,
317126510059,8.32,7.96,A,A,A,A,A,O,O,A,
317126510061,8.04,8.5,A,B+,A,A,B+,A+,A+,O,
317126510062,,,F,F,F,F,F,C,B,A,
317126510063,6.52,7.51,B,C,C,B+,B+,A,A,A,
317126510064,7.04,7.21,B+,B,B+,B+,B+,B+,A,A,
317126510065,9.0,9.25,A+,A+,A,A,O,A+,O,O,
317126510066,8.12,8.33,A,B+,A,A+,A,A,A+,A,
317126510067,8.48,8.57,A+,A,A,A+,A,A+,A,A+,
317126510068,7.0,7.54,B,B+,B+,B+,B+,A,A,B+,
317126510069,7.56,8.52,B+,B+,B+,B+,A,A+,A+,A,
317126510070,8.68,8.54,A,A+,A+,A,A+,A,O,A+,
317126510071,7.92,8.39,B+,A,A,A,A,A,A+,A,
317126510072,7.92,8.65,B+,A,B+,A,A,A+,A+,A+,
317126510073,8.08,8.47,A,A,A,A,A,A,A+,A,
317126510074,7.12,7.61,B,B,B+,B+,A,A,A,A,
317126510075,7.32,8.07,B+,B+,A,B+,B+,B+,A,A,
317126510076,8.72,8.61,A,A,A,A+,O,A+,A+,A+,
317126510077,7.16,7.87,B+,C,B+,B+,B+,A,A+,A+,
317126510078,8.76,8.86,A,A+,A+,A,A+,A+,A+,O,
317126510079,5.36,6.67,P,P,C,C,C,B+,A,A,
317126510080,8.24,8.59,A,A,A,A,A,A+,A+,A+,
317126510082,,,F,P,F,C,F,B+,A,B+,
317126510083,,,C,F(Ab,B,C,B+,B+,A,A,
317126510084,7.52,8.48,B,B,B+,A,A,A,A+,O,
317126510085,,,P,F,F,B,F,B,C,A,
317126510086,7.64,8.22,B,B+,A,A+,A,B+,B+,A+,
317126510088,,,C,P,B,B+,F,B+,A,A,
317126510089,5.96,6.5,C,C,B,B,C,B+,A,A,
317126510090,,,P,F,F,F,F,B+,B+,B+,
317126510091,8.08,8.51,B+,A,A,A+,A,A,A+,A,
317126510092,8.04,7.97,B+,B+,A+,A,A,A,A+,A+,
317126510093,8.32,8.64,A,A,A,A+,A,A,A+,A+,
317126510094,7.16,7.14,B+,B+,B+,A,B+,B+,B+,B+,
317126510095,,,C,P,F,C,P,B+,A,A,
317126510096,8.68,9.26,A+,A+,A,A+,A,A+,A+,A+,
317126510097,7.76,8.46,B+,A,A,A,B,A+,A+,A+,
317126510098,7.8,8.29,B+,B+,B+,A,A,A+,A+,A+,
317126510099,7.8,8.3,B+,B+,B+,A,A+,A,A+,A,
317126510100,7.2,7.79,B+,B,B,B+,A,A,A+,A,
317126510101,7.0,7.76,B,C,B,B+,A+,B+,A+,A,
317126510102,7.08,6.84,B,B+,B+,A,B,A,A,A,
317126510103,5.12,6.04,P,P,P,B,P,B+,A,B+,
317126510104,7.84,8.03,B+,A,A,B+,B+,A+,A+,O,
317126510105,7.24,7.96,B+,C,A,A,B,A,A,A+,
317126510107,7.44,8.08,B+,B,B+,B+,A,A,A+,A+,
317126510108,5.28,,P,P,C,B+,P,B+,B,B+,
317126510110,7.44,7.89,A,A,B+,B+,B+,A,A,B+,
317126510111,6.04,,B+,C,C,B+,P,B+,B+,A,
317126510112,7.2,7.75,B+,B,B+,B+,A+,B,A,B+,
317126510113,6.36,7.68,C,C,B+,B+,B,B+,B+,A,
317126510114,,,P,P,P,C,P,F,B,B+,
317126510115,4.8,,P,P,C,C,P,C,B,B+,
317126510116,8.04,8.36,A,B+,A,A,A+,A,A+,B+,
317126510117,8.84,8.43,A,A+,A+,A+,O,A,A+,A,
317126510118,8.4,8.91,A,A,A,A+,A,A+,A+,A+,
317126510119,6.28,7.0,B,C,B,B,B,B+,A,A,
317126510120,5.72,,P,C,C,B+,C,B,A,A,
317126510121,8.04,8.48,A,B+,A,A,B+,O,A+,A+,
317126510122,,,F,C,B,C,C,F,B+,A,
317126510123,8.12,8.73,A,B+,B+,A,A,O,O,A+,
317126510124,7.24,7.68,B+,B+,B+,B,B+,A,A+,A+,
317126510125,8.6,8.92,A,A+,A,A,A+,O,A+,A+,
317126510126,5.2,6.29,C,P,P,P,C,B+,B+,A+,
317126510127,8.16,9.07,A,A,B+,B+,A+,O,A+,A+,
317126510128,,,P,P,P,P,F,F,F(Ab,A,
317126510129,8.28,8.71,A,B+,A,A,A,O,O,A+,
317126510130,7.72,8.0,B+,B+,A+,B+,B+,A,A+,A+,
317126510131,8.28,8.71,A,A+,B+,A,A,A+,A+,O,
317126510132,7.68,8.54,A,A,B+,C,A,A+,A+,O,
317126510133,8.04,8.18,A,B+,A,B+,A+,A+,A,A+,
317126510134,7.56,7.8,B+,B+,A,C,A+,A+,A,A+,
317126510135,8.32,8.8,A,A,B+,A,A+,A+,A+,O,
317126510136,,,F(Ab,P,P,P,C,B+,A,B+,
317126510137,8.16,8.03,A,A,B+,B+,O,A,A+,A+,
317126510138,,,P,F,F(Ab,P,F,A,A,A,
317126510139,8.56,8.9,A,A,A,A,A+,O,O,A+,
317126510140,8.32,9.05,B+,A,A,A,A,O,O,O,
317126510141,,,F,F,F,F(Ab,F,B+,B+,B+,
317126510142,5.96,,B,C,C,C,B+,B+,B,A,
317126510143,6.8,7.8,C,A,B,B,B+,A,A+,A,
317126510144,8.08,8.36,B+,A,A+,B+,A,A+,A+,A+,
317126510145,7.8,7.89,B+,B+,B+,B+,A+,A+,A+,A+,
317126510146,5.8,7.17,C,C,C,C,C,A,A,A+,
317126510147,,,P,F(Ab,F,F,F(Ab,B+,B+,B+,
317126510148,7.56,7.91,B,B+,A,B+,A,A+,A+,A,
317126510149,7.16,7.49,B+,B+,B+,C,B+,A+,A+,A+,
317126510150,8.2,8.63,A,B+,A,A,A,O,A+,A+,
317126510151,7.68,7.61,A,A,B,B+,A,A,A+,A+,
317126510152,8.44,8.26,A,A+,A,A,A,O,A+,A+,
317126510153,5.72,6.46,B,C,P,C,B,B+,B+,A,
317126510154,4.88,,P,P,P,P,C,B+,B+,B+,
317126510156,8.16,8.97,A,A,A,B+,A,O,A+,A+,
317126510157,7.56,7.92,A,B+,B+,C,A,O,A+,A+,
317126510158,7.4,8.22,B,B+,B+,B+,A,A+,A+,A,
317126510159,5.72,,C,C,P,C,C,A,A+,A+,
317126510160,7.28,7.84,A,A,B+,B,B,A,A,A+,
317126510161,,,C,P,C,C,C,B+,F,A+,
317126510162,,,C,F,C,P,C,A,A+,A+,
317126510163,,,F,F,F,F,F,B+,A+,A,
317126510164,,,F,F,F,F,F,F(Ab,F(Ab,F(Ab,
317126510165,8.04,8.66,A,B+,B+,A,A,O,A+,A+,
317126510166,7.48,7.71,A,B+,B,B+,B+,A+,A+,A+,
317126510167,,,B+,B+,C,C,B+,A+,F,A,
317126510168,8.52,8.58,A+,A+,A,B+,A+,A+,A+,A+,
317126510169,8.08,8.26,B+,A,A,A,A,A+,A+,A+,
317126510170,8.56,8.97,A,A,A,A,A+,O,O,A+,
317126510171,7.84,7.51,B+,A,B+,B+,A,O,A+,A+,
317126510172,7.68,7.49,A,A,B+,B,A,A+,A,A+,
317126510174,7.96,8.42,A,A+,B+,B+,A,A,A+,A+,
317126510175,8.16,8.08,A,A,A,B+,A,O,A+,A+,
317126510176,8.96,9.38,A+,A,A+,A+,A+,A+,A+,O,
317126510177,7.56,8.12,B+,B+,B+,B+,A,A+,A,A+,
317126510178,8.0,8.5,A,A,B+,A,A,A+,A+,A,
317126510179,8.44,8.98,A,A+,A+,B+,A,O,A+,A+,
317126510180,8.4,8.8,A+,A,A,A,A,A+,A+,A+,
318126510L01,,,P,B,P,C,P,F,A,B+,
318126510L02,8.2,8.06,B+,A+,A,A,A,A,O,A+,
318126510L03,6.84,6.61,B,B+,B+,B+,B,B+,A,A,
318126510L04,,,P,B,B,C,B+,A,F,B+,
318126510L05,7.64,7.67,B+,B+,B+,B+,A,A+,A+,A+,
318126510L06,5.48,,C,C,C,P,P,B+,A+,A+,
318126510L07,5.16,5.22,C,C,P,P,C,B,B+,A,
318126510L09,6.84,6.86,B+,B+,B,C,B+,A,A,A+,
318126510L10,6.24,6.55,B,B,B+,C,P,A,A+,A,
318126510L11,,,P,F,C,F(Ab,F,C,A,B+,
318126510L12,7.92,7.84,B+,A,A,B+,A,A+,A+,A+,
318126510L13,7.76,7.57,B+,A,A+,B+,B+,B+,A+,A+,
318126510L14,6.44,5.94,B,B+,B,B+,C,B,A,A,
318126510L16,6.72,6.8,B,P,B+,B+,B+,B+,A+,A,
318126510L17,6.68,6.59,B,C,B,B+,B+,B+,A+,A,
318126510L18,7.6,7.22,B+,B,A,A,B+,B+,A+,O,
318126510L19,,,F,F,F,F,F,B+,B+,B+,
318126510L20,5.4,6.29,P,C,C,C,P,A,A,A,
318126510L21,,,P,P,B,C,P,F,A,A,
318126510L22,,,B+,B+,A,A,B,F,A+,B+,
318126510L23,6.68,6.47,B,B+,B+,B+,C,B+,A,A,
318126510L24,6.84,6.69,C,B+,B,A,B+,B+,A,A,
318126510L25,8.28,8.39,A,A+,A,B+,A,O,A+,A+,
318126510L26,8.0,8.22,A,A,B+,B+,A+,A+,A+,A,
318126510L27,,,C,P,P,P,F,B+,F(Ab,A,
318126510L29,,,B,C,C,C,F,A,B+,A+,
318126510L30,8.16,8.29,A,A,A,B+,A,O,A+,A+,
318126510L31,,,C,B,P,P,F,A,B+,A,
315126514173,,,F,F,F,F(Ab,F,F(Ab,F(Ab,F(Ab,
316126514119,,,F,F,F(Ab,F(Ab,F(Ab,F(Ab,F(Ab,F(Ab,
317126514001,5.82,,B+,P,P,B,P,B+,B+,A+,
317126514002,7.5,7.71,A+,B,B,A,B+,B+,A+,A+,
317126514003,,,P,P,P,C,P,C,F,B,
317126514004,,,F,F,F,F,F,F,F,B+,
317126514005,7.64,8.08,A,B+,B,A,B+,A,A+,A+,
317126514006,7.27,7.63,B+,B,B+,A,B+,B+,A,A+,
317126514007,6.14,6.67,B,C,B,B,B,B,A,B+,
317126514008,7.32,7.85,A,B+,B+,B+,B,A,A,A,
317126514009,6.68,6.93,A,B,C,A,C,B+,B+,A,
317126514010,,,B,P,P,P,F,P,B,B+,
317126514011,,,C,P,C,P,F,B,A,B+,
317126514012,,,C,F,P,P,F,F,A,A+,
317126514013,,,B+,C,B,B,F,C,B+,A,
317126514014,6.27,7.2,B+,C,B,B+,C,B,B+,A,
317126514015,6.41,6.84,B+,C,P,A,P,B+,A+,A+,
317126514016,,,C,P,F,F,F,F,A,A,
317126514017,7.0,7.11,B,B+,B,B+,B+,B+,A,A+,
317126514018,5.23,5.71,B,P,P,C,P,B,B+,B+,
317126514019,7.23,7.47,A,B+,B,A,B+,B+,B+,A,
317126514020,9.18,8.84,O,A+,A+,A+,A+,A,O,O,
317126514021,,,A,C,F,B+,B+,F,A+,A,
317126514022,,,F,F,F,F,F,F,B,B+,
317126514023,6.23,7.4,B,C,P,B+,B+,B,A,A,
317126514024,7.27,7.6,A,B+,B,B+,B+,B+,A,A+,
317126514025,,,B+,C,P,C,F,C,B+,A+,
317126514026,7.86,7.6,A+,B+,B,A,B+,A,A+,O,
317126514027,6.68,7.22,B,B,C,B+,B,B+,A+,A+,
317126514028,6.91,7.62,A,B,B+,B+,B,B,A+,B+,
317126514029,,,P,F,F,F,F,F,C,B+,
317126514030,7.0,7.43,A,C,C,A,B+,B+,A,A+,
317126514031,7.77,8.1,B+,A,B+,A,A,B+,A+,A+,
317126514032,5.95,6.51,B+,C,C,B,C,C,B+,A+,
317126514033,6.18,6.74,C,C,C,B,B,B+,A,A+,
317126514034,,,F,F,F,F,F,F,F,B+,
317126514035,,,P,F,P,C,P,C,B,A+,
317126514036,8.82,8.91,A+,A+,A,A+,A+,A,A+,O,
317126514037,7.77,8.11,A,B,B+,A,A+,B+,A+,A+,
317126514038,,,F,F,F,F,F,C,C,B+,
317126514039,,,F,F,F,P,F,P,C,B+,
317126514040,6.82,7.22,B+,B,C,A,B,B,A+,A+,
317126514041,5.45,6.11,B,P,C,C,P,B,B+,A,
317126514042,7.45,8.33,B+,B+,A,B+,B,B+,A+,O,
317126514043,,,C,F,P,P,P,B,A+,A,
317126514044,,,F(Ab,F,F,F(Ab,F,F,F,B+,
317126514045,,,C,F,P,B,P,B,A,A,
317126514046,8.0,8.02,A,B+,B+,A+,B+,A,O,A+,
317126514047,5.59,,B+,P,P,P,B,B,B+,A,
317126514048,7.5,8.06,B+,B+,B+,A,A,B,A+,A+,
317126514049,6.95,6.99,B+,B+,P,B+,B+,B+,A+,A+,
317126514050,,,B+,C,P,B+,F(Ab,B+,A,A+,
317126514051,6.77,7.18,B,B+,B,B+,B+,B,B+,A+,
317126514052,7.91,8.08,A,A,B+,B+,A,A,A+,A+,
317126514053,7.64,7.94,B+,A,B,A,A,B+,A+,A+,
317126514055,,,P,F,F,C,F,F,C,A,
317126514056,6.36,6.7,B,B+,C,B,C,B+,A,A,
317126514057,7.23,7.78,B+,B+,B,B+,B+,B+,A+,A+,
317126514058,8.32,8.71,A,A+,A,A+,A,B+,A+,A+,
317126514059,7.77,8.41,A,A,C,B+,A+,A,A+,A+,
317126514060,,,P,P,F,P,F,F,B+,A,
317126514061,,,C,P,P,F,C,F,F,C,
317126514062,,,B,P,P,P,P,P,F,B+,
317126514063,,,A,P,F,F,C,F,A,A,
317126514064,7.05,7.37,B+,B+,C,B+,A+,B,A+,B+,
317126514065,,,A,P,P,F,B,P,B,B+,
317126514066,5.95,6.98,B+,B,C,P,B,C,A,A,
317126514067,,,B+,C,C,F,B,C,A,A,
317126514068,,,P,F,F,F,F,F,F(Ab,F(Ab,
317126514069,6.27,7.54,B+,P,B,C,A,P,A,O,
317126514070,,,B,F,F(Ab,F,F,F,B,F(Ab,
317126514071,,,C,P,P,F,P,P,F,A,
317126514072,7.0,6.97,B+,C,B+,B+,B+,C,O,O,
317126514073,5.64,6.99,B+,C,C,C,B,P,B,A,
317126514074,8.36,8.21,A+,A,A+,A,A+,B+,A,A+,
317126514075,,,A,B+,F(Ab,B+,F(Ab,F(Ab,A,A,
317126514076,6.95,7.87,A+,C,B+,B,B+,C,A,O,
317126514077,,,C,F,F,F,F(Ab,F,F,B+,
317126514078,,,F(Ab,F(Ab,F,F(Ab,F(Ab,F(Ab,F(Ab,F,
317126514079,8.0,8.44,A+,B+,A+,A,A+,B,A,A,
317126514080,8.59,8.68,A+,B+,A+,A,A+,A+,A,O,
317126514081,6.23,6.61,B+,C,B+,B,C,C,A,A,
317126514082,7.73,8.22,B+,B+,A+,B,A,B+,A+,O,
317126514084,,,B+,F,B+,P,B+,P,A,A,
317126514085,8.23,7.91,A+,B+,O,A,A,B+,B+,O,
317126514086,,,F,F,F(Ab,F,F,F(Ab,F(Ab,F(Ab,
317126514087,6.09,7.02,B+,B,B,C,B,P,B+,A+,
317126514088,5.41,6.69,B+,P,B,P,P,P,A,A,
317126514089,,,C,B+,B,P,P,B,F,A,
317126514090,,,F,F,F,F,F,F,F,F,
317126514091,,,B,C,P,C,P,P,F,A,
317126514092,,,F,F,F,F,F,F,F(Ab,F(Ab,
317126514093,,,C,F,P,P,C,P,F,A,
317126514094,,,F,F(Ab,F,F,F,F,F,F(Ab,
317126514095,7.41,7.26,A,B+,B+,B+,A,B,A,A+,
317126514096,5.91,6.6,B+,P,B,P,B+,P,A,A+,
317126514097,,,B,F,C,F,P,P,B+,A,
317126514098,7.73,8.21,A,B+,B+,B+,A,B+,A+,O,
317126514099,,,P,P,F,F,P,P,B+,A,
317126514100,,,C,C,F(Ab,P,B,F(Ab,B+,A+,
317126514101,6.5,6.48,A,B,B,C,A,P,A,A,
317126514102,7.09,7.48,A+,B,B+,B+,B+,B,B,A+,
317126514103,9.5,9.75,O,O,O,O,A+,A,A+,O,
317126514104,6.14,7.08,B+,C,B+,P,C,B+,B,A+,
317126514105,,,B+,F,B,P,P,P,A,A,
317126514106,6.05,6.64,B+,P,B+,P,B,C,A,A+,
317126514107,,,B,F,F,F,C,P,F(Ab,A,
317126514108,,,C,C,B,F,B,C,F,A,
317126514109,8.73,8.68,A+,A,O,A+,A+,B+,A+,A+,
317126514110,5.18,5.8,B,P,C,C,P,P,B+,A,
317126514111,6.32,6.85,A,C,B,P,B,B,A,A+,
317126514112,,,C,P,P,P,F,F,B,A,
317126514114,6.14,,B,C,A,C,B+,P,B+,A,
317126514115,7.18,7.47,A,B,A,B,A,B,A,A,
317126514116,,,C,P,F,P,F,F,B,A+,
317126514117,,,P,F,P,F,F,F,F(Ab,F,
317126514118,7.59,7.66,A,B+,A,B+,A+,B,B+,A+,
317126514119,,,P,P,C,F,F,F,C,A,
317126514120,6.0,,B+,B,B+,C,P,C,B,A+,
317126514121,7.32,6.86,A,A,A,A,C,B,B+,A+,
317126514122,6.95,7.55,A,C,B+,B+,B+,C,A+,A+,
317126514123,7.23,7.94,A+,C,B,A,A+,B,B+,A,
317126514124,5.95,7.3,C,C,B+,C,B+,P,B+,A+,
317126514125,,,B+,C,B,P,F,P,B+,B,
317126514126,7.0,7.41,A,B,B+,B,A,C,A,A+,
317126514127,7.27,7.18,A,B+,A,A,B+,B,B,A,
317126514128,5.23,6.08,B,P,C,P,B,P,B+,B+,
317126514129,8.64,8.94,A+,B+,A+,A+,A+,B+,O,O,
317126514130,7.55,7.23,A,B+,B+,A,B+,B+,A,A+,
317126514131,7.55,7.53,A,B+,B+,B+,A,B+,A,A+,
317126514132,8.73,8.22,O,A,A,A+,A+,A,A+,A+,
317126514133,,,F,F,F,F(Ab,F(Ab,F,C,C,
317126514134,6.64,6.72,A,P,B+,B,B,C,A+,O,
317126514135,8.82,9.05,A+,A+,A+,A+,A+,B+,A+,O,
317126514136,,,P,F,F,F,F,F,B+,A,
317126514137,8.64,8.78,A,A,A+,A+,A+,B+,O,O,
317126514138,8.09,8.68,A+,A,A,A,A+,B,A,A+,
317126514139,7.23,7.57,B+,B+,B+,A,B,B,A+,A+,
317126514140,,,B+,C,C,P,C,F,B+,B,
317126514141,7.0,7.47,B+,C,A,B+,B+,B,A,A+,
317126514142,9.32,9.18,O,A+,A,O,O,A,O,O,
317126514144,5.27,,B,P,C,P,C,P,A,A,
317126514145,8.32,8.36,A+,B+,A,A+,A+,B+,A+,A+,
317126514146,5.91,5.87,A,C,P,B,B+,P,B,A,
317126514147,5.45,6.23,C,P,B,B,B+,P,B,B,
317126514148,8.23,8.51,A,A,A,B+,A+,B+,O,O,
317126514149,9.09,9.28,A+,A+,A+,A+,O,A,O,A+,
317126514151,7.27,8.11,A+,B,B+,B+,B+,B,A,A+,
317126514152,8.5,8.82,A+,B+,A+,A,A+,B+,O,O,
317126514153,6.77,7.06,B,B+,B+,B+,B,B,B+,A+,
317126514154,8.09,8.63,A,B+,A,A,A,B+,O,O,
317126514155,6.23,6.07,B+,B,B,B+,C,P,A,A,
317126514156,7.95,8.15,A,B+,A,A,A,B,O,O,
317126514157,,,P,F,C,P,F,P,A,A,
317126514158,6.23,7.36,C,P,A,B,B+,C,A,A,
317126514159,8.09,8.07,A+,A,A,A+,A,B,A,A+,
317126514160,,,F,F,F,F,F,F(Ab,F,B+,
317126514161,6.77,7.0,B+,A,B+,B,C,B,B+,A+,
317126514162,5.18,6.44,B,P,B,P,P,P,B+,A,
317126514163,7.41,7.54,A+,B+,B+,B+,B+,B,A,A+,
317126514164,6.73,7.82,B+,P,A,B+,B+,C,A+,A,
317126514165,8.55,8.16,A,A+,A,A+,A+,B+,O,A+,
317126514166,5.32,,C,P,C,C,C,C,B+,A,
317126514167,8.0,7.79,A,A,A,B+,A+,B,A+,O,
317126514168,7.59,7.86,A+,B,A,A,A,P,A+,O,
317126514169,8.64,8.37,A+,A,A,A+,A+,B+,O,O,
317126514170,6.18,7.09,C,B,B+,B+,C,P,A+,A,
317126514171,,,P,P,P,P,F,P,B+,A,
317126514172,8.41,8.72,A+,A,A,A,A+,B+,A+,O,
318126514L01,5.45,5.73,P,C,C,B,P,B,A,B+,
318126514L02,8.14,8.07,B+,B+,A,A,A+,A,A+,O,
318126514L03,6.68,,P,C,B+,B+,B+,B+,A,O,
318126514L04,7.73,7.64,B+,A,B+,A,B,A,A+,O,
318126514L05,8.09,8.07,A,B+,A,A,A,B+,O,O,
318126514L06,8.91,8.45,A+,A,A+,A,A+,A+,O,O,
318126514L07,,,F,F,P,P,F,P,B+,A,
318126514L08,5.5,,P,P,C,B,P,B,A,A+,
318126514L09,,,P,F,B,B,F,B+,A+,A,
318126514L10,8.55,8.55,A,A,A+,A,A,A+,A+,O,
318126514L11,,,F,F,P,F,F,F,A,A+,
318126514L12,7.77,7.52,B+,A,B+,A,B+,A,A,O,
318126514L13,8.14,7.77,B+,A,A+,A,A,B+,A+,O,
318126514L14,9.32,9.07,A+,O,O,A+,A+,A,O,O,
318126514L15,8.55,8.3,A,A+,O,A,B+,A,A+,O,
318126514L16,8.82,8.14,A,A+,O,A,A+,A,A+,O,
318126514L17,8.82,8.18,A+,A,A+,A+,A+,A,A+,O,
318126514L18,8.41,8.07,A,A,A+,A,A,A,A+,O,
318126514L19,7.95,7.45,A,A,A+,A,B,A,A,A+,
318126514L20,8.05,7.18,B+,A,A+,A,B+,A,A+,A+,
318126514L21,6.45,,B,B+,A,P,P,B+,A,A+,
318126514L22,7.45,6.91,B,B,A+,A,B,B+,A+,O,
318126514L23,7.36,7.09,B+,A,A,B+,P,A,A+,A+,
318126514L24,8.68,8.43,A+,A,A+,A+,A,A,A+,O,
318126514L26,9.18,9.07,A+,A+,O,A+,A+,A,O,O,
318126514L29,6.45,6.52,B+,P,A+,C,B,C,A,A+,
318126514L30,7.64,7.7,A,A,A+,C,B+,B+,A+,A+,
318126514L31,7.09,6.55,A,B+,A+,B,C,C,O,A,
318126514L32,7.14,6.95,A,B,A,B+,B+,C,A,A+,
318126514L33,5.77,,B,P,B+,B,C,C,B,A,
318126514L34,8.27,7.98,A,A,A,B+,A+,A,O,A+,
318126514L35,8.91,8.39,A+,B+,O,A+,A+,A,O,O,
318126514L37,6.68,6.11,P,B+,A,B+,B+,B,A+,B,
318126514L38,8.05,7.91,A,B+,A+,B+,A+,B+,A+,A+,
318126514L39,8.18,7.84,A,A,A+,A,A,B+,A+,A+,
318126514L40,8.64,8.2,B+,A+,A+,A,A+,A,O,O,
318126514L41,8.0,7.8,A,A,A+,A,A,B+,B+,A+,
318126514L42,6.14,5.73,C,P,A+,C,B,P,A+,A+,
318126514L43,5.91,6.02,P,P,A,C,B,C,A,A+,
318126514L44,5.36,,C,P,B+,P,P,P,A,A+,
316126512101,,,P,F,F,F,F,F,C,C,
316126512160,,,P,F,F,F,F,F,F,C,
317126512001,8.95,8.91,A+,A+,O,A+,A,A,A+,O,
317126512002,8.55,8.99,A+,A,A,A+,B+,A+,A+,O,
317126512003,,,B+,B+,C,F,C,B,A,B,
317126512004,7.95,7.86,A,A,A,A,A,B+,A+,A,
317126512005,9.23,9.25,O,O,A+,A,A+,A+,O,A+,
317126512006,7.86,8.07,A+,A+,B,B+,A,A,A+,B+,
317126512007,8.77,9.11,O,A+,A+,A+,B+,A+,A+,A,
317126512008,7.09,7.88,A,B+,B+,B+,B+,B,A,B+,
317126512009,7.41,7.66,A+,B+,B+,B+,B+,A,A,B,
317126512010,6.73,7.34,A+,B,B+,C,B,B+,A,B,
317126512011,,,C,P,P,C,P,F,F,F,
317126512012,7.14,6.89,A+,A,B+,B,B+,B,A,B,
317126512013,,,F,P,F,F,F,F,B+,F,
317126512014,7.09,6.9,A+,B,B+,B+,B+,B,A,B+,
317126512015,6.64,6.83,B+,A,B,B,C,B,A+,B+,
317126512016,8.5,8.92,O,A+,A,A,B+,A+,A+,A,
317126512017,7.68,8.11,A+,A,B+,B+,B,A,A+,A,
317126512018,8.5,8.36,A+,A,A,A+,A+,A,A+,A,
317126512019,8.86,9.32,O,A+,O,A,B+,A+,O,A,
317126512020,5.36,,B,C,C,C,C,P,B+,B+,
317126512021,7.95,8.09,A+,A+,A,A,B,B+,A+,A,
317126512022,,,B+,B,C,P,C,C,A,F,
317126512023,6.82,7.84,B+,B+,C,B+,B,A,A+,B,
317126512024,,,B+,C,P,P,C,B+,B+,F,
317126512025,,,B+,P,P,C,F,P,A,F,
317126512026,6.86,7.13,A+,B,B,B,P,A,A+,A,
317126512027,,,A+,B+,A,B,B,B,A+,F,
317126512028,,,P,F,F,F,F,F,B+,F,
317126512029,,,A+,B+,B+,C,F,B,A+,B+,
317126512030,7.55,8.25,A+,A,B+,B+,C,A,A+,A,
317126512032,8.82,9.15,O,A+,A+,A+,A,A+,A+,B+,
317126512033,8.45,8.44,A+,A+,A,A+,B+,A,A+,A+,
317126512034,8.45,8.76,O,A+,A,B,A,A+,A+,A+,
317126512035,,,A+,C,B+,B,B+,A,A,F,
317126512036,8.05,8.56,O,A,B+,B,A,A,A+,A+,
317126512037,6.73,7.49,A,B+,B+,C,B,C,A+,A,
317126512038,4.68,5.89,C,P,P,P,P,P,B+,B+,
317126512039,8.05,8.15,A+,A+,A,B+,A,A,A+,B,
317126512040,9.09,8.97,A+,O,A+,A+,A+,O,A,A,
317126512041,7.59,8.18,O,B+,B+,B+,B+,B+,A,A,
317126512042,,,A,C,P,F,C,B,A,F,
317126512043,6.09,6.34,A,C,B+,C,P,C,A,A,
317126512044,,,B+,C,P,F,C,C,A,A+,
317126512045,6.73,6.9,A+,B+,B+,B,B+,P,B+,B+,
317126512046,8.59,8.67,A+,O,A,A+,A,B+,A+,A+,
317126512047,8.73,8.48,A+,A+,A,A+,A,A+,A+,A+,
317126512048,7.91,7.51,A+,A,A,A,A,C,A+,A+,
317126512049,6.5,7.22,A,C,A,P,C,B+,A,A,
317126512050,6.09,6.9,B+,B+,P,B,C,C,A+,B+,
317126512051,,,C,F,F,F,F,F,B+,F(Ab,
317126512052,8.64,8.91,A+,O,A+,A,A,A,A+,A,
317126512053,9.23,9.23,O,O,A+,A+,A,A+,O,A+,
317126512054,,,B,P,F,P,P,P,A,C,
317126512055,6.77,7.27,A,B+,B,B,C,B+,A+,B+,
317126512056,7.0,7.85,A,B+,B+,C,B,B+,A+,A,
317126512057,,,B+,F,C,P,P,P,A,B+,
317126512058,6.82,6.94,A,A,B+,B,B+,P,A,B+,
317126512060,7.82,8.2,A+,B+,A,A,B+,B+,A+,A,
317126512061,8.68,8.51,A+,A+,A+,A,A,A,O,A+,
317126512062,7.27,6.74,A+,C,A,B+,B,B+,A+,A,
317126512063,8.59,8.44,O,A,A+,A+,A,B+,O,A,
317126512064,,,F,F,F,P,F,F,A,A,
317126512066,8.09,8.05,O,B+,A,B+,A,A,A+,A,
317126512067,7.36,7.51,A+,B,B+,B+,B,B+,A+,A+,
317126512068,,,B+,C,B+,A,F,P,A+,A,
317126512069,,,C,B,F,F,C,C,A,A,
317126512070,9.55,9.26,O,A+,O,O,O,A+,O,A,
317126512071,9.18,8.93,A+,A+,O,A+,A,A+,O,O,
317126512072,7.23,7.25,A,B,B+,B+,B+,B,A+,A+,
317126512073,9.45,9.33,A+,A+,O,O,A+,A+,O,O,
317126512074,9.59,9.2,O,A+,A+,A+,O,O,O,O,
317126512075,8.68,8.72,A+,A,A+,A+,A,A,A+,O,
317126512076,8.32,8.3,O,B+,A,A,A,A,A+,A+,
317126512077,8.23,8.5,O,A+,B+,A,B+,A,A+,A,
317126512078,8.45,8.81,A+,A,A+,A+,A,B+,A+,A+,
317126512079,8.73,8.78,O,A,A+,A+,A,A,A+,A+,
317126512080,,,C,F,C,F,B,P,A,B,
317126512081,8.68,8.91,A+,A,A,A+,A,A+,A+,O,
317126512082,8.0,7.55,A+,A,A,B,A,B+,O,A+,
317126512083,8.32,8.88,A+,A+,A+,A,B+,B+,A+,A+,
317126512085,7.27,7.45,A,B+,B+,A,B+,C,A+,A,
317126512086,8.59,8.69,A+,A,A+,A+,A,A,A+,A+,
317126512087,8.86,8.64,O,A,A+,A+,A,A+,A+,A+,
317126512088,7.09,7.16,A,B+,B,B,B,B+,A+,A+,
317126512089,6.95,,A,C,B+,B,B+,B,A+,A+,
317126512090,8.82,8.39,O,A+,A,A+,A,A,O,A+,
317126512091,7.23,7.55,A+,A,B,A,B+,C,A,B+,
317126512092,7.55,7.65,A,B+,B+,B+,B+,A,A+,A,
317126512093,,,F,F,F,F,F,F,C,C,
317126512094,7.95,8.0,A+,B+,B+,A+,B+,A,A,A+,
317126512095,6.91,7.15,A,B+,B+,B+,C,B,A,A,
317126512096,5.82,,B+,P,C,B,C,C,A,A,
317126512097,,,C,F,B,F,C,F,A,A,
317126512098,7.68,8.22,A,A,A,A,B+,B,A+,A,
317126512099,5.5,,B+,P,P,B+,C,P,B+,B+,
317126512100,8.73,8.72,A+,A+,A,O,B+,A+,A+,A+,
317126512101,9.45,9.16,O,A+,O,O,A+,A,O,O,
317126512102,8.18,8.36,A+,B+,A,A+,B+,A,A+,A+,
317126512103,8.77,8.6,O,A,A+,A+,A,A+,A+,A,
317126512104,7.05,7.22,A,B,B,A,B,B+,A,A,
317126512106,8.82,8.72,A+,A+,A,A+,A,A+,O,A+,
317126512107,5.68,6.47,B,P,C,C,C,B,B+,A+,
317126512108,8.73,8.4,O,A,A,O,A,A,A+,A+,
317126512109,9.27,8.95,O,A+,A+,O,A+,A+,A+,A+,
317126512110,9.86,9.67,O,O,O,O,O,A+,O,O,
317126512112,8.59,8.43,A+,A+,A+,A+,B+,A,A+,A+,
317126512113,7.91,7.95,A+,A,B+,B+,A,B+,A+,A+,
317126512114,9.41,9.08,O,A,O,O,O,A+,A+,A+,
317126512115,8.55,8.49,O,B+,A+,A,B+,A+,A+,O,
317126512116,8.32,8.53,A+,B,A,O,A,A,A+,A+,
317126512117,8.73,8.47,O,A,A,A+,A,A+,A+,A+,
317126512118,6.45,6.52,B+,C,C,B,B+,B,A+,A,
317126512119,,,F,F,B,C,F,F,A+,B+,
317126512120,8.86,8.74,O,A,A+,O,B+,A+,A+,A+,
317126512121,8.45,8.64,O,B+,A,A+,B+,A+,A+,A+,
317126512122,,,A,P,B+,A,F,A,A,B+,
317126512123,9.77,9.28,O,O,O,A+,O,O,A+,O,
317126512124,,,B+,C,B+,F,P,F,B+,B+,
317126512125,,,B+,C,B+,F,B,B+,A,A+,
317126512126,,,B+,C,B+,B,F,B+,A,A+,
317126512127,7.5,7.48,A,B+,B+,B,B+,A,A+,A+,
317126512128,7.91,8.19,A+,B+,A,B+,B+,A,A+,A+,
317126512129,6.82,6.8,A,B+,C,B+,C,A,A,B+,
317126512130,9.23,8.83,O,A,A+,A+,A+,O,O,A+,
317126512131,9.45,9.49,O,A+,A+,A+,A+,O,O,O,
317126512132,9.23,8.82,O,A+,A+,A+,A,O,O,A+,
317126512133,9.86,9.73,O,A+,O,O,O,O,O,O,
317126512134,8.36,8.15,O,B+,A,A+,B+,A+,A+,A,
317126512135,8.5,8.56,O,A,A+,A,A,A,A+,A,
317126512136,9.41,9.45,O,A+,O,O,A,O,A+,A+,
317126512137,6.86,7.2,A,C,A,P,B+,B+,A+,A,
317126512138,8.95,8.94,O,A,A+,A+,A,A+,O,A+,
317126512139,7.23,7.1,A,B,A,B,B+,A,B+,A,
317126512140,6.14,6.31,B+,P,B+,C,C,B+,B+,A,
317126512141,7.41,7.14,A,B+,A,C,A,B+,A+,A,
317126512142,9.27,9.11,A+,A+,O,A+,A+,O,A+,A+,
317126512143,7.68,7.67,A+,B+,A,C,A,A,A,A+,
317126512144,8.27,7.66,A+,A,A,B+,A+,A+,A,A,
317126512145,8.86,8.85,O,A+,A+,A+,A,A,A+,A+,
317126512146,8.09,8.17,A,A,A+,B+,B+,A+,A+,A,
317126512147,9.14,9.0,O,A+,A+,A+,A,O,A+,A+,
317126512148,8.59,8.73,A,A,A+,A,A,O,A+,A+,
317126512149,9.64,9.1,O,O,O,O,A+,A+,A+,O,
317126512150,7.55,7.59,A,B+,A+,B,B+,B+,A+,A,
317126512151,,,F,P,P,P,P,F,B,B+,
317126512152,8.45,8.49,O,B+,A+,A,B+,A+,A+,A+,
317126512153,,,F,F,F,F,F,F,F,B,
317126512154,6.27,5.95,A,B,C,C,C,B+,B+,A,
317126512155,9.05,9.22,A+,A,A+,O,A,A+,O,O,
317126512156,,,B,F,P,F,F,F,A,B+,
317126512157,8.36,8.59,A+,A+,A+,A,B,A+,A+,A,
317126512158,7.45,7.25,A,A,A,B,B+,B+,A,A,
317126512159,,,A,C,A,B+,F,B+,A,A,
317126512160,8.73,8.86,O,A,A+,A,A,A+,A+,A+,
317126512161,6.23,6.65,B+,B+,C,C,C,B,A,A,
317126512162,8.45,8.38,A+,B+,A+,A,A+,A,A+,A+,
317126512163,,,P,F,P,P,F,F,B+,B+,
317126512164,,,A,P,B,F,B+,B+,B+,A,
317126512165,7.82,7.4,A,B+,A,B+,A,A,A+,A,
317126512166,8.73,9.11,A+,A,O,A,A,A+,A+,A+,
317126512167,8.95,8.75,O,A+,A+,B+,A+,A+,A+,O,
317126512168,8.5,8.11,O,A,A,B+,A+,A+,A+,A,
317126512169,,,P,F,P,F,F,F,B+,B+,
317126512170,8.68,8.08,A+,A+,A+,A,A,A,A+,O,
317126512171,,,A,C,B+,F,C,B,A,A+,
317126512172,9.05,9.3,A+,A+,A+,B+,A+,O,O,O,
317126512173,9.0,8.82,O,A+,A+,A,A+,A+,A+,A+,
317126512174,7.95,7.41,A+,A,A,A,B,A,A+,A,
317126512175,7.27,7.66,A,A,B,B,B+,B+,A+,A,
317126512176,7.82,8.36,A+,B+,A,A,B,A,A,A+,
317126512177,5.95,6.58,B,C,C,C,B+,C,A,A,
317126512178,8.64,8.94,O,A,A+,A,A,A+,A+,A,
317126512179,7.41,7.6,A+,C,A,B,B+,A,A+,A,
317126512180,8.45,8.61,A+,B+,A+,A,A,A+,A+,A+,
318126512L01,8.23,8.13,A+,A+,A,B,B+,A,O,O,
318126512L02,6.86,6.76,A,B+,B+,B,B,C,A+,A,
318126512L03,7.73,7.62,A+,A,A,A,B,B+,A+,B+,
318126512L04,8.45,8.11,A+,A+,A,A,B+,A+,O,A,
318126512L05,6.64,6.6,A,B+,A,C,C,C,A+,B+,
318126512L06,7.36,6.8,A+,B+,A+,C,B,B,A+,A+,
318126512L07,7.5,7.0,A+,A,A,P,B+,B+,A+,A+,
318126512L08,6.32,6.51,B,A,B+,P,P,B,A+,A,
318126512L09,5.77,,B+,C,B,P,C,P,A+,A,
318126512L10,8.23,8.0,O,A+,A+,C,A,A,A+,A,
318126512L11,6.91,,A+,B+,A,P,B+,C,A,A,
318126512L12,6.91,6.82,B+,A+,A,C,C,B,A+,B+,
318126512L13,8.55,7.31,O,A,A+,B+,A,A,O,A+,
318126512L14,8.09,7.64,A+,A,A+,B+,A,B+,A+,A,
318126512L15,7.5,7.2,A,B+,A,C,A,B+,A+,A+,
318126512L16,6.18,6.09,B+,C,B,C,B,C,A+,A,
318126512L17,7.0,7.04,A,C,A,B+,C,B+,A,A+,
318126512L18,8.32,8.22,O,A,A+,B+,B+,A,A+,A+,
318126512L19,8.95,8.71,O,A,O,B+,A+,A+,O,A+,
318126512L20,6.09,5.8,B+,C,C,C,B+,C,A,A,
318126512L21,7.64,7.11,A+,B+,A,B,B+,B+,A+,A+,
318126512L22,5.32,,B+,C,C,P,P,P,A,B+,
318126512L23,,,B+,B+,A+,F,F,B+,A+,A,
318126512L24,8.91,8.64,A+,A,O,A+,B+,A+,O,O,
318126512L25,6.41,6.67,B+,C,B+,C,P,B+,A+,A+,
318126512L26,7.05,7.0,B,A,A,B,B,B+,A,A,
318126512L27,8.5,8.18,A+,A,A+,A,A,A+,A+,A,
318126512L28,6.73,,B+,B+,B+,C,B+,C,A+,A,
318126512L29,,,B,B+,A+,F,F,B+,A+,A+,
318126512L30,7.5,6.93,A+,B+,A+,C,B,B+,A+,A+,
318126512L31,5.68,,C,C,C,C,C,B,A+,B+,
318126512L32,8.5,7.93,A+,A,O,A,B+,A+,A+,A,
318126512L33,8.27,8.31,A+,A,A+,B,A,O,A,A,
318126512L34,,,F,C,B+,B,F,C,A+,B+,
318126512L35,8.5,8.56,A+,A+,A+,A,B+,A+,A+,A,
318126512L36,7.18,6.93,B+,B+,B+,B,B,B+,O,A+,
317126511001,,,C,A,F,F,P,B+,A,A,
317126511002,7.83,7.13,A,A,A,B,A,A,A+,A+,
317126511003,6.96,6.9,B+,A,C,C,B+,A+,O,A,
317126511004,6.52,,B+,A,P,P,B+,A,O,A,
317126511005,5.48,,B+,C,P,P,P,B+,A,A,
317126511006,7.22,6.86,B,B+,C,A,B+,A+,A+,A+,
317126511007,8.22,8.53,A,A+,B+,B+,A,O,O,A+,
317126511008,8.91,8.96,A,A+,A,O,A,O,A+,O,
317126511009,6.0,6.9,B,B,P,B,P,A,A,A+,
317126511010,7.35,6.92,B+,A,C,B+,A,B+,O,A+,
317126511011,6.96,7.78,C,A,C,B,B+,A+,A+,O,
317126511012,,,P,P,P,F,P,B,B,A+,
317126511013,8.04,7.96,B+,A,B+,A+,B,A+,O,O,
317126511014,9.0,9.03,A,O,A,A+,A+,A+,O,O,
317126511015,9.13,8.8,A+,A+,A+,A+,A,O,O,O,
317126511017,7.39,,B,A,A,C,A,A,A+,A+,
317126511018,6.78,,C,A,C,B,B+,A,O,A,
317126511019,6.78,,B,B+,C,B,B+,B+,O,A+,
317126511020,7.83,7.49,B+,A,B+,B+,B+,A+,O,O,
317126511021,6.96,,C,A,C,B+,B+,A,O,A,
317126511022,9.0,9.29,A+,A,A+,A+,A,O,O,O,
317126511023,8.39,7.54,A,A+,A,B+,A,A+,O,O,
317126511024,8.96,8.82,A,A+,A,A+,A+,O,O,O,
317126511025,8.17,7.85,B+,A,A,A,B+,A+,O,O,
317126511026,6.26,,P,A,C,C,B,B+,A+,A+,
317126511027,6.78,7.04,B+,B,P,A,C,A,A+,O,
317126511028,8.96,8.63,A,A+,A+,A,A+,O,O,O,
317126511029,9.09,8.6,A+,A+,A,A+,A+,O,O,O,
317126511030,9.57,9.62,A+,O,A+,O,A+,O,O,O,
317126511031,,,C,B+,P,F,P,A,A+,A,
317126511032,8.22,8.18,B+,A,B+,A+,A,A+,O,A+,
317126511033,8.13,7.44,A,A,A,A,B+,A+,O,A,
317126511034,,,P,P,F,F,P,B,A,A,
317126511035,,,P,P,P,F,P,B,A,A,
317126511036,6.83,7.47,B+,B+,B+,C,C,A,O,A,
317126511037,8.3,8.48,A,A,B+,A+,B+,A+,O,O,
317126511038,8.96,8.77,A,A+,A,A+,A+,O,O,O,
317126511039,8.13,7.53,A+,A,B+,B+,A,A+,O,A+,
317126511040,7.74,8.11,B+,A,B+,A,B+,A,O,A,
317126511041,,,P,P,P,F,P,B,A,A,
317126511042,7.48,7.18,B+,B+,B+,A,B,A+,A+,A,
317126511043,6.83,7.15,B+,B+,B+,B,C,A,A,A,
317126511044,9.3,9.16,A+,A+,A+,O,A,O,O,O,
317126511045,9.26,9.01,A+,A+,A+,A+,A+,O,O,O,
317126511046,6.35,6.18,B,B+,C,C,B+,B+,A,A,
317126511047,6.13,5.97,C,B,C,P,B,B+,O,O,
317126511048,5.61,,C,C,P,C,C,B+,A+,A,
317126511049,7.52,7.65,B+,B+,B,A,B+,A,O,A+,
317126511050,7.0,,A,B+,C,B,B,A+,O,A,
317126511051,8.74,8.84,A,A+,A,A+,A,A+,O,O,
317126511052,8.26,7.71,A,A,A,B+,A,A+,O,O,
317126511053,6.87,,B,A,B+,C,B,B+,A+,A+,
317126511054,8.26,8.2,B+,A,B+,A,A+,A+,O,O,
317126511055,5.39,,C,C,P,C,P,B+,A,A,
317126511056,7.91,7.79,A,A+,B+,B,B+,A+,O,O,
317126511057,7.7,7.65,A,A,B+,B+,C,A+,O,O,
317126511058,9.04,8.86,A,A+,A+,A+,A+,A+,O,O,
317126511059,6.04,,C,B+,C,B,C,A,B+,B+,
317126511060,8.96,8.8,A+,A+,A+,A+,A,O,A+,A+,
317126511061,7.04,6.81,B,B+,B,B+,B+,A,A+,A,
317126511062,9.26,9.3,A+,A+,A+,A+,A+,O,O,O,
317126511063,9.26,8.81,O,A+,A+,O,A,O,A+,A+,
317126511064,8.61,8.29,B+,A+,A+,A+,A,A+,A+,A+,
317126511065,8.61,8.89,A+,A+,A,A+,A,A+,A,A+,
317126511066,6.39,6.93,B+,B+,B+,C,C,A,C,A,
317126511067,,,F,F,F,F,F,B+,C,C,
317126511068,8.87,8.8,A,A,A+,A+,A,O,O,O,
317126511069,8.57,8.43,A,A,A,A+,A+,A+,A+,A+,
317126511070,,,F,F,F,F,F,F(Ab,F(Ab,F(Ab,
317126511071,8.35,8.62,A,A,A,A+,A,O,A,A,
317126511072,7.7,7.43,B+,A,A,B+,A,A,A,A,
317126511073,6.74,6.48,A,B+,B,B+,B,A,C,B+,
317126511074,8.87,8.71,A+,A+,A+,A+,A,A+,A+,A+,
317126511075,9.13,8.79,A+,A+,A+,O,A,O,A+,A+,
317126511076,,,F,F,F,F,F,B+,C,C,
317126511077,8.26,7.31,A,A+,A,A,B+,A+,A+,A+,
317126511078,8.78,8.71,A+,A+,A,A+,A,O,A+,A+,
317126511079,8.61,7.86,A,A+,A,A,A+,O,A+,A+,
317126511080,5.91,,P,B+,C,B+,C,B+,B+,B,
317126511081,7.87,7.96,B,A,A,B+,B+,O,A+,O,
317126511082,8.0,8.29,B+,B+,A,A,A,A+,A+,A+,
317126511083,7.74,7.92,B+,A,B+,A,B+,A+,A,A+,
317126511084,8.52,8.69,A+,A+,B+,A+,A,A+,A+,A+,
317126511085,6.87,,C,A,P,B+,B+,A+,A+,A+,
317126511086,7.83,8.26,B+,A,A,B+,B+,A,A+,O,
317126511087,7.3,6.68,B+,B+,B+,B,A,A+,A,A,
317126511088,9.39,9.19,A+,O,A+,A+,A+,O,O,O,
317126511089,,,F,P,F,F,F,B+,C,C,
317126511090,7.78,7.54,A,A,A,A,B+,A,A,B+,
317126511091,8.74,8.38,A+,A+,A,A+,A+,A+,O,B+,
317126511092,8.17,8.36,B+,B+,A,A+,A,A+,A+,A+,
317126511093,6.87,7.51,C,B+,B+,B+,B,A,A,A,
317126511094,8.78,8.42,A+,A+,A,A+,A,O,A+,A+,
317126511095,7.65,8.1,B+,A,B+,B+,B+,O,A,A+,
317126511096,8.35,8.0,A,A+,A,A,A+,A+,A,A,
317126511097,7.65,7.21,B+,A+,B,B+,A,A+,A+,A,
317126511098,8.43,7.88,A+,A+,A,A,A,A+,A,A+,
317126511099,6.57,,A,B+,P,B+,B,A,B+,B+,
317126511100,7.09,,B,B+,B+,B+,B,A,A,A+,
317126511101,7.39,7.85,B+,A,B,B+,B+,A,A+,A+,
317126511102,5.52,5.68,P,C,B,C,P,A,C,A+,
317126511103,5.52,5.91,C,B,C,P,P,A,B+,A,
317126511104,8.61,8.14,A,A+,A,A,A+,O,A+,A+,
317126511105,,,P,P,F,C,P,B+,B,B,
317126511106,7.91,7.81,A,A,B+,B+,A,O,A+,A,
317126511107,,,P,P,F,F,P,B+,C,C,
317126511108,9.22,9.14,O,A+,A,O,A+,O,A+,A+,
317126511109,7.26,,B+,A,B+,B,A,A,A+,B,
317126511110,8.17,7.75,A,A,A,A,A,A+,A+,A,
317126511111,9.43,9.43,A,O,A+,O,A+,O,O,O,
317126511112,7.78,8.11,B+,A+,B+,B+,B+,A+,A+,A+,
317126511113,6.35,6.56,P,B+,B+,B,C,B+,A,A,
317126511114,8.35,7.84,A,A,A,A,A,A+,O,A+,
317126511115,8.22,7.41,A+,A,A,B+,A,A+,A+,A+,
317126511116,8.74,8.62,A+,A+,A,A,A+,A+,A+,O,
317126511117,8.96,7.36,A+,A+,A+,A,A,O,O,O,
317126511118,9.0,8.47,A+,A,A+,A+,A,O,O,O,
317126511119,,,F,P,C,F,P,C,B+,B+,
317126511120,8.78,8.09,A+,A,A+,A+,B+,A+,O,O,
317126511121,9.26,8.62,A+,A+,A+,A+,A+,O,O,O,
317126511122,6.22,,C,C,B+,C,C,A,A+,A,
317126511123,8.48,8.11,A,A+,A,A,A,A+,A+,O,
317126511124,9.26,8.74,A+,A+,A+,A+,A+,O,O,O,
317126511125,9.13,8.51,A+,A+,A+,A+,A,O,O,O,
317126511126,8.65,8.26,B+,A+,A+,A+,B+,A+,O,O,
317126511127,9.17,9.03,A+,A,A+,O,A,O,O,O,
317126511128,8.39,7.77,A,A+,A,B+,A,A+,O,O,
317126511129,7.83,7.01,B+,A,A,B+,B+,A+,A+,A+,
317126511130,6.78,7.19,B+,B+,B+,C,B,A,A,A,
317126511131,5.87,,B+,B+,P,P,C,B+,A+,B+,
317126511132,8.22,7.51,A,A,A,B+,B+,O,O,O,
317126511133,8.3,8.07,A,A,A,A,B+,A+,O,O,
317126511134,8.74,8.53,A+,A+,A+,A,B+,A+,O,O,
317126511135,9.57,9.45,A+,O,O,A+,A+,O,O,O,
317126511136,,,F,F,F,F,F,C,B+,B,
317126511137,8.87,8.63,A,A,A+,A+,A,O,O,O,
317126511138,8.04,8.03,B+,A+,A,B+,B+,A+,A+,O,
317126511140,6.65,7.12,C,B,A,C,P,A+,A+,O,
317126511141,9.39,9.2,A+,O,A+,A+,A+,O,O,O,
317126511142,,,F,F,F,F,F,C,B,B+,
317126511143,9.13,8.7,O,A+,A,A+,A+,A+,O,O,
317126511145,,,F,F,F,F,F(Ab,B,B+,B+,
317126511146,8.43,8.0,A,A+,A,A,B+,A+,O,O,
317126511147,9.26,8.74,A+,A+,A+,A+,A+,O,O,O,
317126511148,,,F,F(Ab,F,F(Ab,F,B,B+,B+,
317126511149,,,F,F,F,F,F,B,B,C,
317126511150,9.17,8.8,A+,A+,A+,A+,A+,A+,O,O,
317126511151,8.13,7.48,B+,A,A,A,A,A+,A+,A+,
317126511152,8.65,8.26,A,A+,A,A,A,O,O,O,
317126511153,8.91,8.53,A+,O,A+,B+,A,O,O,O,
317126511154,9.43,8.9,A+,A+,O,A+,A+,O,O,O,
317126511155,6.3,,B,B+,B,C,P,A,A+,A,
317126511156,7.96,7.95,A,A+,A,C,A,A+,O,A+,
317126511157,8.61,8.22,A,A+,A,A+,B+,A+,O,O,
317126511158,,,C,C,C,F,P,A,A+,A,
317126511159,,,F,P,P,F,F,A,A,B+,
317126511160,9.13,8.78,A+,A+,A+,A+,A,O,O,O,
317126511161,8.83,8.6,A+,A+,A+,B+,A+,A+,O,O,
317126511162,8.22,7.8,B+,A,A,A,A,A+,A+,O,
317126511163,,,P,P,F,F,F,B+,B+,B+,
317126511164,9.17,8.78,A+,O,A+,A+,A,A+,O,O,
317126511165,9.43,9.09,A+,A+,A+,O,A+,O,O,O,
317126511166,,,P,P,P,F,F,C,B+,B+,
317126511167,,,P,P,F,F,F,B+,B+,B+,
317126511168,8.57,8.19,A,A+,A+,A,A,A+,A+,A+,
317126511169,9.26,8.92,A+,A+,A+,A+,A+,O,O,O,
317126511170,8.78,7.9,A+,A+,A+,B+,A,O,O,O,
316126520167,,,F(Ab,F(Ab,F(Ab,F(Ab,F(Ab,F(Ab,F(Ab,F(Ab,
316126520199,,,F(Ab,F(Ab,F(Ab,F(Ab,F(Ab,F(Ab,F(Ab,C,
317126520001,,,F,F,F,F,F,P,F,A+,
317126520002,8.96,9.11,A+,A,A+,A+,A+,A+,A+,O,
317126520003,5.92,6.71,B+,P,B,C,P,B+,B+,A+,
317126520004,,,P,F,P,F,F,B,B,O,
317126520005,6.67,7.45,B+,C,B,B,B+,B+,A,A+,
317126520006,7.88,7.93,A,A,B+,A,B+,A,A,O,
317126520007,8.33,8.39,A+,B+,A+,A,A,A,A,O,
317126520008,5.54,,C,P,C,C,B,B,B,A+,
317126520009,,,B,F,P,C,F,B+,C,A+,
317126520010,6.33,6.93,B+,B,C,C,C,A,A,A+,
317126520011,7.21,7.78,A,B+,B,B+,B,A,A,A+,
317126520012,7.46,8.3,A,B+,C,A,B+,A+,A,A+,
317126520013,8.83,9.1,A+,A,A+,A+,A+,A,A+,O,
317126520014,7.25,7.8,O,B,B+,C,B+,B+,A,O,
317126520015,6.04,,A,P,C,C,B,B+,B+,A,
317126520016,7.25,8.13,A,A,B+,B,B+,B+,B+,A+,
317126520017,,,B,C,P,B,F,B+,B+,A+,
317126520018,,,C,P,P,F,C,C,B,O,
317126520019,5.33,6.51,B,P,C,P,C,C,B+,A+,
317126520020,,,P,F,F,F,C,C,C,A+,
317126520021,,,B,B+,B+,C,C,F,A,A+,
317126520022,8.75,9.0,A+,A+,A+,A+,A,A,A,O,
317126520023,9.38,9.37,O,A+,O,A+,A+,A+,O,A+,
317126520024,8.63,9.01,A,A+,A,A,A+,A+,A+,O,
317126520025,,,P,F,F,C,F,A,B+,A,
317126520026,6.92,7.61,B+,B+,B+,C,B+,B+,A,A+,
317126520027,6.71,7.29,C,B,B,B,B,A,A+,O,
317126520028,7.58,7.68,B+,A,A,B+,B,B+,A+,O,
317126520029,,,P,F,P,F,P,F,F,A+,
317126520031,9.46,9.26,A+,A+,O,A+,O,A+,O,O,
317126520032,5.79,,B,C,C,P,B,B,A,A+,
317126520033,5.83,7.1,C,P,C,B,C,A,B,A+,
317126520034,8.46,8.08,A,A,A,A+,A,A+,A+,A+,
317126520035,,,P,F,P,F,F,P,C,A+,
317126520036,,,B,P,B+,B,B,C,F,A+,
317126520037,,,F,F,F,F,F,F,F,O,
317126520038,8.42,8.53,A,A+,A,A,A,A+,A,O,
317126520039,7.17,7.25,B+,P,A,B+,B,A+,A,A+,
317126520040,7.33,8.05,B+,B+,B+,C,B+,A+,A+,O,
317126520041,6.58,6.57,B+,C,B,B+,B+,B+,C,A+,
317126520042,6.75,7.37,B+,B+,B,B,B+,B+,B,A+,
317126520043,,,B,C,C,C,B+,P,F,A+,
317126520044,7.08,8.09,A,B+,B,B+,B,B+,B+,O,
317126520045,4.63,,P,P,P,P,C,P,C,A+,
317126520047,7.04,7.43,B+,B,B+,B+,B+,B+,B+,A+,
317126520048,,,B,C,P,B,F,P,B+,A+,
317126520049,,,B,P,C,B,B,B+,F,A+,
317126520050,5.92,6.63,B,P,C,C,B+,B+,B,A+,
317126520051,9.04,9.07,A+,A+,A+,A,A+,O,A+,O,
317126520052,6.21,7.08,B+,C,B+,C,B+,P,B+,A+,
317126520053,6.13,6.53,B+,B,B,C,P,B,A,A+,
317126520054,7.13,7.54,A,B,B+,B+,B+,B,A,A+,
317126520055,8.46,8.83,A,A,A+,O,A,B+,A,A+,
317126520056,4.5,,P,P,P,P,P,P,C,A+,
317126520057,8.21,8.66,O,A,A,B+,A,B+,A+,O,
317126520058,6.46,7.02,B+,C,C,C,B+,A,A,A+,
317126520059,8.42,8.66,A+,A,A,B+,A,A+,O,O,
317126520060,,,P,F,F,F,F,F,F,A+,
317126520061,,,P,P,F,F,C,C,A,A,
317126520062,,,B+,F,B,F,C,P,A,A,
317126520063,,,C,F,F,F,F,A,F,B+,
317126520064,,,P,P,C,F,F,B,B,B+,
317126520066,5.63,,C,P,B,P,C,B+,A,A,
317126520067,,,B,F,C,P,P,B+,B+,A,
317126520068,8.08,7.76,A,A,A,A,B+,A+,A,A+,
317126520069,6.08,,C,B+,B,B,P,A,C,A,
317126520070,7.0,6.43,B+,B+,B+,B,B+,B+,A,A,
317126520071,,,B,P,C,F,P,F,B,A,
317126520072,,,F,F,F,P,P,C,C,A,
317126520073,8.33,8.35,A,A,A+,A,B+,A+,A+,A+,
317126520074,8.58,8.6,A,A,A,A+,A+,A+,A+,A+,
317126520075,8.13,8.46,A,A,A,A,A,A+,B+,A+,
317126520076,6.71,7.01,B+,B+,B+,B,B,B+,B,A,
317126520077,7.38,6.6,B+,B+,A,B+,B,A+,B+,A,
317126520078,5.88,6.43,B+,P,B+,P,P,B,A,A+,
317126520079,8.17,7.76,A,B+,A,A,A,A+,A+,A+,
317126520080,5.29,,B,P,C,P,P,B+,B,A,
317126520081,6.42,6.59,A,B,B+,B,P,B,B+,A,
317126520082,9.17,9.04,A+,A+,O,A+,A,O,A+,A+,
317126520083,5.25,,C,P,B,P,P,B+,C,A,
317126520084,,,F,F,F,F,F,B+,C,A,
317126520085,5.83,6.48,B+,C,C,P,P,A,A,A,
317126520086,7.83,8.18,A+,A,A+,B+,B,B+,A,A+,
317126520087,7.96,8.32,A,A,A,A,A,B+,A,A+,
317126520088,5.54,5.96,B,C,C,P,C,B+,B,A,
317126520089,7.21,7.5,A+,B,B+,B+,B,A,B+,A,
317126520090,5.25,,B,C,P,P,C,B,B,A,
317126520091,5.08,,C,P,C,P,P,B+,C,A,
317126520092,,,C,F,C,C,P,B,F,A,
317126520093,,,P,F,P,F,P,F,C,A,
317126520094,6.96,7.66,B,B,B+,B,B+,A,A+,A,
317126520095,7.71,8.24,A,A,A+,B,B+,A,A,A,
317126520096,,,P,P,F,F,P,B,B,B+,
317126520097,,,P,C,B,P,F,B+,C,B+,
317126520098,5.42,5.98,B+,C,B,P,P,B,C,B+,
317126520099,,,F,F,F,P,F,B,F,A+,
317126520100,8.21,8.22,A,B+,A+,A,B+,A+,A+,A+,
317126520101,7.46,7.13,A+,B+,B+,B,B+,A,A,A+,
317126520102,5.46,,B,C,P,P,P,A,B,A+,
317126520103,,,A+,B,B+,A,B,A,F,A+,
317126520104,8.79,8.82,A+,A+,O,A,A,A+,A,A+,
317126520105,8.63,8.86,O,A,A+,A,A,A+,A,A+,
317126520106,7.63,7.68,A,B+,B+,B+,B+,A+,A,A+,
317126520107,9.13,9.1,O,A,A+,A+,A+,O,A+,A+,
317126520108,5.25,,B,C,P,P,C,B,B,A,
317126520109,5.96,6.08,B,C,B+,C,C,B+,C,A,
317126520110,6.71,6.72,B+,C,B+,B,C,A,A,A+,
317126520111,7.13,7.78,A+,B+,A,B,B,C,A,A+,
317126520112,8.83,8.28,A+,A+,A+,A+,A,O,B+,A+,
317126520113,7.38,6.79,A,B+,B+,B+,B,A,A,A+,
317126520114,7.38,7.51,A+,B,A,B,B+,B+,A+,A,
317126520115,7.54,7.66,A,B+,A,B+,B,A,A,A+,
317126520117,6.25,6.89,B+,B,B,C,C,A,B,A,
317126520118,,,B+,F,F,F,F,B+,B,A,
317126520119,8.04,8.26,A+,B+,B+,A,A,A+,A,A+,
317126520120,8.75,8.99,A+,A+,A+,A,B+,A+,O,O,
317126520121,,,P,P,P,F,C,C,C,A,
317126520122,8.42,8.4,A+,A,A,B+,A,A+,O,O,
317126520124,,,C,F,F,P,F,B+,C,A+,
317126520125,8.0,8.17,A+,B+,A,B+,B+,A+,A+,A+,
317126520126,5.71,,B+,P,B+,P,C,C,B,A+,
317126520127,7.67,7.76,A+,B,A+,B+,B+,A,B+,A,
317126520128,6.63,6.61,B+,C,B+,P,B+,A,B+,O,
317126520129,8.04,8.16,A,A,B+,B+,A,A+,O,A+,
317126520130,6.46,7.14,B+,P,B+,C,B+,B+,B+,A+,
317126520131,,,B+,P,B,P,F,B,B+,A+,
317126520132,,,P,F,P,F,P,P,F,A,
317126520135,9.04,8.87,O,A+,A+,A,A+,A+,A+,O,
317126520136,7.04,7.16,A,B,B+,B,A,C,A,O,
317126520138,8.04,8.1,A,B+,A+,B+,B+,A+,A+,A+,
317126520139,7.04,7.38,B,B,B+,B+,B,B+,A+,O,
317126520140,7.08,7.24,A,B,B,B+,P,A,O,O,
317126520141,8.5,8.11,A,B+,A+,A,A,A+,O,O,
317126520142,5.25,,B,P,C,P,P,B,B,A+,
317126520143,5.79,,B+,P,C,P,C,B+,A,A+,
317126520144,,,P,F,F,F,F,C,F,A,
317126520145,,,P,F,P,F,P,P,B+,A+,
317126520146,6.96,7.0,B,P,B+,B+,B+,A,A+,A+,
317126520147,6.58,7.15,B+,B+,C,C,B,A,A,A+,
317126520148,8.79,8.51,A,A+,A+,A+,A,A,O,O,
317126520149,,,C,F,P,F,F,P,B+,A,
317126520150,,,C,P,P,P,F,B,B+,A+,
317126520151,7.13,7.09,A,B+,A,P,A+,C,A+,A+,
317126520152,,,F,F,F,F,P,F,F,A+,
317126520153,,,C,P,A,F,C,F,F,O,
317126520154,,,P,F,F,F,P,P,C,A,
317126520155,6.96,7.86,A,B+,A,P,C,B+,A+,O,
317126520156,5.88,,B+,C,B,P,C,B,B+,A+,
317126520157,6.54,6.73,B+,B+,B+,P,B,B+,B+,A+,
317126520158,8.79,8.8,A+,A,O,A,A,A,O,O,
317126520159,,,F,F,F,P,P,C,C,A+,
317126520160,,,A,B,B+,B+,B+,B+,F,A,
317126520161,,,P,F,F,F(Ab,F,P,F,A,
317126520162,,,C,P,P,F,P,C,A,A,
317126520163,,,F,F,F,F,C,C,F,A+,
317126520164,,,F,F,F,F,F,F,F,A,
317126520165,8.46,8.25,A,B+,A+,A,A+,A+,A+,A+,
317126520166,7.92,7.7,B+,B,A,A,A,A+,A,O,
317126520167,8.17,7.95,A,A,A,A,B+,A+,A+,A+,
317126520168,,,C,P,P,F,C,C,B+,A,
317126520169,,,C,P,F,F,P,P,F,A,
317126520170,,,C,P,F,C,C,F,F,A,
317126520171,5.13,6.29,B,C,C,P,P,P,C,O,
317126520172,,,B,P,B,B,B+,B+,F,A+,
317126520173,8.75,8.67,A+,A,A+,A,A,A+,O,O,
317126520174,6.29,7.01,B+,C,B,P,B+,B,A+,A+,
317126520176,7.25,7.48,A,B+,A,P,A,B+,A+,A+,
317126520177,8.42,7.83,A+,A,A,B+,A,A+,O,O,
317126520178,,,F,F,F,F,F,C,C,A+,
317126520179,,,B+,P,C,P,F,B,B,A+,
317126520180,9.17,9.03,A+,O,O,A+,A,A+,O,A,
317126520181,,,B,F,C,P,P,F,C,C,
317126520182,5.92,6.28,B+,P,B,C,B,B+,B,B+,
317126520183,7.13,7.78,A+,A,A,A,B,P,B,B+,
317126520184,7.42,8.07,A,B+,A,A,B,B+,A,B+,
317126520185,4.42,,P,P,P,P,P,P,C,A,
317126520186,,,C,P,P,F,P,P,B+,B+,
317126520187,8.5,8.6,A,A,A,A,A,O,O,A+,
317126520188,7.33,7.4,A,B+,B,B+,B+,A,A+,A,
317126520189,,,F(Ab,F(Ab,F(Ab,F(Ab,F(Ab,F,C,B,
317126520190,6.25,,C,B,B,B+,C,B,B+,A+,
317126520191,8.38,8.88,A+,A,A+,A,B+,A+,A,A+,
317126520192,6.29,7.05,B+,P,B,B+,C,B+,A,B+,
317126520193,9.04,9.03,O,A+,A,O,A+,A+,A,A+,
317126520194,9.08,8.48,A+,A+,A+,A+,A+,A+,O,A+,
317126520195,10.0,9.68,O,O,O,O,O,O,O,O,
317126520196,5.96,6.8,C,B,B+,C,P,B,B+,A+,
317126520197,8.38,8.64,A,A,A,A+,A,A+,A,A+,
317126520198,5.38,6.51,B+,B,P,C,C,C,C,B+,
317126520199,7.13,7.63,A,B+,A,B+,B+,C,A,B+,
317126520200,,,C,P,F,F,F,P,B+,C,
317126520201,,,P,F,F,F(Ab,P,P,B,B,
317126520202,8.71,8.77,A+,A+,A+,A+,A,A+,O,B,
317126520203,6.25,7.09,B+,B+,B,B+,P,P,A,A,
317126520204,7.71,8.12,A,B+,A,A+,B,A,A,B+,
317126520205,6.21,7.15,B+,C,C,B,B,B+,A,B+,
317126520206,,,P,F,F,F,F,F,F,B+,
317126520207,7.79,7.72,A,A,A,B+,B+,A,A,A+,
317126520208,5.88,,B+,B,C,C,C,B+,C,A,
317126520209,6.38,6.72,B+,C,C,B+,C,A,B+,A,
317126520210,,,F,C,P,C,C,B+,C,A,
317126520211,6.21,6.79,C,B+,C,B,B,B+,A,B+,
317126520212,,,P,F,F,F,F,P,C,B,
317126520213,6.92,7.33,B+,B+,C,A,B,A,B,A+,
317126520214,7.83,7.82,B+,A,B,A+,B+,O,B+,A+,
317126520215,,,P,P,F,F,C,P,F,A,
317126520216,,,F,P,P,C,C,B+,B+,B+,
317126520217,,,P,P,P,F,P,P,F(Ab,A,
317126520218,,,P,P,F,F,P,C,C,B,
317126520219,5.17,6.11,B,P,C,B,P,P,C,A,
317126520220,7.58,8.32,A,A,B,B+,B+,A+,A,A+,
317126520221,,,C,C,P,C,F,P,F,B,
317126520222,8.04,7.84,A+,A+,A,A,B,B+,A+,A+,
317126520223,7.0,7.33,B+,B,B,B+,B,A+,B+,A+,
317126520224,8.33,8.61,A+,A,A,A+,B,A+,O,A,
317126520225,,,P,F,F,P,P,P,C,B+,
317126520226,,,B,B+,B+,B,P,B,F,A,
317126520227,7.5,7.61,B+,A,B+,B+,B+,A,A+,A,
317126520228,,,F(Ab,F,F(Ab,F(Ab,F(Ab,F(Ab,F(Ab,B,
317126520229,7.92,8.21,B+,A,A,A,B+,A,A+,A+,
317126520230,8.38,8.45,A,A+,A+,A,A,A,A+,A,
317126520231,,,B,C,F,B,C,P,B,B,
318126520L01,8.92,8.92,A+,A+,A+,A,A+,A+,A+,O,
318126520L02,8.25,8.04,B+,B+,A,A,A+,A+,A+,O,
318126520L03,8.67,8.73,A+,A+,A+,B+,A+,A+,A,O,
318126520L04,8.88,8.84,A+,A,A+,A+,A,O,A,O,
318126520L05,8.08,7.8,A,B+,B+,A+,B+,O,B+,O,
318126520L06,8.5,8.55,A+,A,B+,A+,A,A+,A+,O,
318126520L07,8.29,7.8,A,B+,A,A,A,O,A,O,
318126520L08,7.71,7.51,B+,B+,B+,B+,A+,A,A,O,
318126520L09,9.5,9.31,A+,A+,O,A+,O,O,A+,O,
318126520L10,8.75,8.8,A+,A,A,A,A+,O,A+,O,
318126520L11,8.83,9.08,A+,A,A+,A+,A,A+,A+,O,
318126520L12,8.58,8.31,B+,A,A+,A+,A,A+,A+,O,
318126520L13,7.46,6.96,B,B+,B+,B+,B+,A+,A+,A+,
318126520L14,6.17,,P,B+,C,C,B+,A,B,A+,
318126520L15,7.54,7.41,B,A,A,B+,B+,A,A,A+,
318126520L16,7.83,7.86,B+,B+,A,A,B+,A+,A,A+,
318126520L17,,,F,F,F,F,F,B+,C,B+,
318126520L18,,,C,C,P,F,P,B,C,A,
318126520L19,9.5,9.35,A+,A+,O,O,O,O,A,A+,
318126520L20,7.21,6.8,B+,B+,B,B+,A,B+,A,A+,
318126520L21,,,F,C,F,P,F,B,A,B+,
318126520L22,6.08,,C,C,B,B+,P,A,B+,B+,
318126520L23,,,C,P,F,F,P,A+,B,B+,
318126520L24,8.75,8.41,A+,A,A,A,A+,O,A+,O,
318126520L25,8.63,8.49,A,A,A+,A,A,A+,O,O,
318126520L26,5.79,,C,P,B,P,C,B+,A+,A+,
318126520L27,7.46,7.1,B+,B,B+,B,B+,A+,O,O,
318126520L28,8.67,8.27,A,A+,A+,A,A,A+,O,A+,
318126520L29,9.25,9.04,O,A+,O,B+,A+,O,O,O,
318126520L30,6.58,6.73,C,B,B,C,B+,A,A+,A+,
318126520L31,,,B+,B+,B+,F,B+,A,A+,O,
318126520L32,8.96,8.78,A,A,A+,A+,A+,O,A+,O,
318126520L33,7.46,7.0,B+,B,A,C,B+,A+,O,O,
318126520L34,8.96,8.45,A+,A,A+,B+,O,O,O,O,
318126520L35,7.33,6.65,B+,B,B+,C,A,A+,A+,O,
318126520L36,9.46,8.82,A+,A,A+,O,O,O,O,O,
318126520L37,8.42,8.39,B+,A,A,O,A,A+,A,A+,
318126520L38,5.63,5.73,C,C,P,B,B,B+,C,A,
318126520L39,8.96,8.71,A+,A,A+,O,A,O,A,A+,
318126520L40,5.71,5.55,C,C,P,B+,C,A,C,B+,
318126520L41,8.08,7.92,B+,B+,B+,A+,A,O,A,A+,
318126520L42,4.92,,C,P,P,P,P,B+,C,A,
318126520L43,6.25,6.47,B,P,B+,B+,B+,C,B+,B+,
318126520L44,4.71,,C,P,P,P,P,P,B+,A,
318126520L45,5.46,6.14,C,C,C,C,P,C,A,A+,
318126520L46,8.46,8.06,A,B+,A,A+,A,O,A,O,
318126520L47,7.13,7.29,B,B+,B+,B+,B,A,A,A+,
318126520L48,7.96,7.53,B+,B+,B+,A,A+,A,A+,O,
318126520L49,8.04,7.78,A,A+,B,A,A,A,O,A+,
318126520L50,5.67,5.8,C,P,C,B,C,B,B+,A+,
318126520L51,5.5,,P,C,P,C,C,A,B+,A,
318126520L52,,,F(Ab,B+,A,A,B+,A,B+,A+,
318126520L53,7.88,7.96,A,B+,A,A,B+,A+,A,A,
318126520L54,8.33,8.22,B+,A,A,A+,A,A+,A+,A+,
318126520L55,7.42,6.92,C,B+,B+,B+,B+,A+,O,A+,
