,,,EM-III,OC,ME&SM,BEEE,CPC,OC LA,ME LA,
,,,Enginee ring Mathem atics-III,Organic Chemist ry,Mechani cal Enginee ring and,Basic Electric al and Electron,Chemic al Process Calculat,Organic Chemist ry Laborat,Mechani cal Enginee ring,
,,,Grad,Grad,Grad,Grad,Grad,Grad,Grad,
317126502001,8.40,8.72,A,A,A,A,A+,A+,A+,
317126502002,8.65,8.73,A,B+,A+,A+,A+,O,A+,
317126502003,7.05,7.38,A,C,B+,C,A,A,A+,
317126502004,5.80,,C,P,B,C,B,A,A,
317126502006,5.40,5.65,P,P,P,P,B+,A,A,
317126502007,9.20,9.10,O,A,A+,A+,A+,O,O,
317126502008,8.50,8.90,A,A,A+,B+,A+,O,A+,
317126502009,8.30,8.27,A+,B+,A,A,A,O,A+,
317126502010,8.25,8.63,A,A,A,B+,A+,O,A,
317126502011,,,P,F,P,F,P,B,A,
317126502012,8.65,8.77,A+,A,A,A,A+,O,A+,
317126502013,7.70,7.75,A+,B,A,B+,B+,A+,A+,
317126502014,7.95,8.30,A+,B+,A,B+,A,A+,A,
317126502015,,,P,F(Ab,P,P,F(Ab,B,B+,
,,,EM-III,OC,ME&SM,BEEE,CPC,OC LA,ME LA,
,,,Enginee ring Mathem atics-III,Organic Chemist ry,Mechani cal Enginee ring and,Basic Electric al and Electron,Chemic al Process Calculat,Organic Chemist ry Laborat,Mechani cal Enginee ring,
,,,Grad,Grad,Grad,Grad,Grad,Grad,Grad,
317126502016,7.50,7.90,B,B+,A,B+,A,A,A+,
317126502017,8.80,8.82,O,A,A+,B+,A+,O,A+,
317126502018,,,B,B,P,F,P,B+,A,
317126502019,5.90,6.92,B,P,B,B,C,A,A,
317126502020,,,F,F,F,F,F,C,A,
317126502021,,,B,F,B+,C,B,A,A+,
317126502022,7.95,8.22,A,A,A,B+,A,A+,A,
317126502023,8.85,8.78,O,A+,A,A,A+,A+,A+,
317126502024,,,F,F,F,F,F,B,B+,
317126502025,8.80,8.92,A,A,A+,A+,A+,O,A+,
317126502026,,,F,F,F,F,F,B,B+,
317126502027,5.75,,P,C,B,P,B,A+,A,
317126502029,,,F,F,P,F,P,A,A,
317126502030,6.05,5.85,C,C,C,P,B+,A+,A+,
,,,EM-III,OC,ME&SM,BEEE,CPC,OC LA,ME LA,
,,,Enginee ring Mathem atics-III,Organic Chemist ry,Mechani cal Enginee ring and,Basic Electric al and Electron,Chemic al Process Calculat,Organic Chemist ry Laborat,Mechani cal Enginee ring,
,,,Grad,Grad,Grad,Grad,Grad,Grad,Grad,
317126502031,8.75,8.62,A+,A,A,A,A+,O,O,
318126502L01,7.30,7.30,B+,C,A,B,A,A+,A+,
318126502L02,8.55,8.55,A,A+,A+,B+,A,O,O,
318126502L03,7.80,7.80,C,A,A,B+,A+,O,A,
318126502L04,6.30,6.30,C,P,B+,B,B+,A,A,
318126502L05,,,F,F,F,P,F,A+,A,
318126502L06,6.15,6.15,B,P,B+,P,B+,A,A,
318126502L07,7.50,7.50,B+,B,A,B+,B+,O,A+,
318126502L08,6.00,6.00,C,C,B+,C,C,A,A+,
318126502L09,5.85,5.85,C,C,B,C,C,A+,A,
318126502L10,,,F,F,C,P,C,A+,A+,
318126502L11,5.85,5.85,C,P,B+,C,C,A+,A,
318126502L12,,,P,F,C,F,P,B+,A+,
318126502L13,,,P,F,P,F,F,B+,A,
,,,EM-III,OC,ME&SM,BEEE,CPC,OC LA,ME LA,
,,,Enginee ring Mathem atics-III,Organic Chemist ry,Mechani cal Enginee ring and,Basic Electric al and Electron,Chemic al Process Calculat,Organic Chemist ry Laborat,Mechani cal Enginee ring,
,,,Grad,Grad,Grad,Grad,Grad,Grad,Grad,
318126502L14,,,F,F,B,F,P,A,A,
318126502L15,6.70,6.70,C,B,B+,B,B,O,A+,
318126502L16,7.40,7.40,B+,B,A,C,A,O,A+,
318126502L17,5.55,5.55,C,P,B,P,C,A,A+,
318126502L18,,,C,F,B+,F,B,A+,A,
,,,EM-III,BT,EG,EM,SURV-,SOM,SFW-I,SOM L
,,,Enginee ring Mathem atics-III,Building Technol ogy,Enginee ring Geology,Enginee ring Mechani cs,Surveyi ng– I,Strength of Material s,Surveyi ng Field Work-I,Strength of Material s Lab
,,,Grad,Grad,Grad,Grad,Grad,Grad,Grad,Grad
317126508001,,,F,A,A,F,C,F,A,B+
317126508002,7.77,7.85,B+,A,A,B+,A+,B,A+,A+
317126508003,9.00,8.85,O,A,A+,O,A,A+,A+,A+
317126508004,9.32,9.31,A,A+,A+,O,O,A+,O,O
317126508005,9.23,9.13,A+,A+,A+,O,A+,A+,A+,O
317126508006,8.45,8.05,A+,A,A,A+,A+,B+,A+,A+
317126508007,8.68,8.60,A,A,A+,O,A+,B+,O,A+
317126508008,8.77,8.82,A+,A+,A+,A+,A,A+,A,A+
317126508009,,,P,B,C,P,F,F,A,C
317126508010,9.05,9.11,A+,A+,A+,O,A,A,O,O
317126508011,8.27,8.08,A+,A+,A,A+,A,B+,A,A
317126508012,,,F,P,F,P,F,F,C,F
317126508013,,,B+,B+,B+,B+,C,F,A,A
317126508014,,,P,B+,C,F,B,F,B+,B+
,,,EM-III,BT,EG,EM,SURV-,SOM,SFW-I,SOM L
,,,Enginee ring Mathem atics-III,Building Technol ogy,Enginee ring Geology,Enginee ring Mechani cs,Surveyi ng– I,Strength of Material s,Surveyi ng Field Work-I,Strength of Material s Lab
,,,Grad,Grad,Grad,Grad,Grad,Grad,Grad,Grad
317126508015,,,F,F,F,F,F,F,B,C
317126508016,,,F,F,F,P,P,F,B+,C
317126508017,,,C,A,C,F,F,F,A+,B+
317126508018,6.59,6.68,B,B+,B,B+,B+,P,A+,A
317126508019,8.09,7.61,A,A+,A,A,A,B+,A+,A
317126508020,4.68,5.29,P,C,P,P,P,P,A,B
317126508021,7.41,7.48,B+,A+,A,B+,B+,C,A+,A
317126508022,6.59,6.68,B+,A+,B+,C,B,C,B+,B+
317126508023,,,P,B,C,C,B,F,A,B+
317126508024,7.55,7.53,B+,A,B+,A,B+,B+,A,A+
317126508025,8.14,8.18,A,A+,A,A,A,A,A,A
317126508026,7.18,7.58,B,A,A,A,B+,C,A+,B+
317126508027,,,F,C,C,F,F,F,C,F
317126508028,8.73,8.81,A,A+,A,A+,A+,A+,O,A
,,,EM-III,BT,EG,EM,SURV-,SOM,SFW-I,SOM L
,,,Enginee ring Mathem atics-III,Building Technol ogy,Enginee ring Geology,Enginee ring Mechani cs,Surveyi ng– I,Strength of Material s,Surveyi ng Field Work-I,Strength of Material s Lab
,,,Grad,Grad,Grad,Grad,Grad,Grad,Grad,Grad
317126508029,7.82,8.15,A,A,A,A,A,B,A,A+
317126508030,,,P,B,P,F,B,F,A,C
317126508031,9.14,8.81,O,A+,A+,O,A,A+,A,O
317126508032,7.05,7.24,A+,C,C,A,B+,B+,A,A
317126508033,,,F,F(Ab,F(Ab,F(Ab,F(Ab,F(Ab,C,C
317126508034,7.91,7.73,A,A+,A+,A,A,B,B+,A
317126508035,6.32,7.15,B,B+,B+,B,C,P,O,B+
317126508036,,,F,F,F,F,F,F,C,C
317126508037,,,P,P,F,F,P,F,C,C
317126508038,6.09,5.89,P,B+,B,B,B+,P,A,A
317126508039,5.86,6.60,C,B+,C,B,B,P,A,B+
317126508040,7.95,7.60,A,A,B+,A+,A+,B,A+,A
317126508041,,,P,F,C,P,P,F,B+,C
317126508042,7.18,7.31,A,B+,B+,B+,A,C,A,A
,,,EM-III,BT,EG,EM,SURV-,SOM,SFW-I,SOM L
,,,Enginee ring Mathem atics-III,Building Technol ogy,Enginee ring Geology,Enginee ring Mechani cs,Surveyi ng– I,Strength of Material s,Surveyi ng Field Work-I,Strength of Material s Lab
,,,Grad,Grad,Grad,Grad,Grad,Grad,Grad,Grad
317126508043,,,F,P,P,P,P,F,B,C
317126508044,,,P,B,F,P,F,F,B+,C
317126508045,7.23,,B+,A,A,B+,B+,P,O,A
317126508046,6.50,6.60,B+,B,B+,B,B+,B,B,B+
317126508047,,,A,A,A,B+,F(Ab,F(Ab,B+,B+
317126508048,,,P,B+,P,P,F,F,B,B
317126508049,8.23,8.00,A,A+,A,A+,A+,B,A+,A
317126508050,4.64,,P,C,P,C,P,P,B+,C
317126508051,9.18,9.40,A+,O,A+,O,A+,A+,O,B+
317126508052,8.23,8.31,A+,A,A,A+,A,B+,A,A+
317126508053,,,F,F,F,B+,F,F,B,C
317126508054,,,F,C,F,P,F,F,B,C
317126508055,8.86,8.95,A+,A+,A+,A+,A+,A,A,O
317126508056,,,F,F,P,F,C,F,A+,B+
,,,EM-III,BT,EG,EM,SURV-,SOM,SFW-I,SOM L
,,,Enginee ring Mathem atics-III,Building Technol ogy,Enginee ring Geology,Enginee ring Mechani cs,Surveyi ng– I,Strength of Material s,Surveyi ng Field Work-I,Strength of Material s Lab
,,,Grad,Grad,Grad,Grad,Grad,Grad,Grad,Grad
318126508L01,9.18,9.18,A+,A+,A,O,A+,A+,O,O
318126508L02,7.91,7.91,A,A,A,B+,A,B+,A+,A+
318126508L03,8.86,8.86,A,O,A,A+,O,A,A,O
318126508L04,8.59,8.59,A,A+,B+,A+,A+,A+,A,O
318126508L05,6.95,6.95,B+,B,B,A,C,B+,A+,A+
318126508L06,6.32,6.32,P,B+,B+,B,B+,P,A,A+
318126508L07,8.18,8.18,B+,A+,A,A+,A,B+,A,O
318126508L08,8.18,8.18,B+,A+,A,A,A+,B+,A+,A+
318126508L09,8.32,8.32,A,A,B+,A+,A,A+,A+,A+
318126508L10,7.95,7.95,A,A+,B+,A,B+,A,A,A+
318126508L11,6.05,6.05,P,A,P,B+,B+,C,B+,B+
318126508L12,6.18,6.18,C,A,B+,B,B,P,B+,B+
318126508L13,,,F,B+,B,P,C,P,B,B+
318126508L14,7.68,7.68,B+,A,B,A,A,A,A+,A
,,,EM-III,BT,EG,EM,SURV-,SOM,SFW-I,SOM L
,,,Enginee ring Mathem atics-III,Building Technol ogy,Enginee ring Geology,Enginee ring Mechani cs,Surveyi ng– I,Strength of Material s,Surveyi ng Field Work-I,Strength of Material s Lab
,,,Grad,Grad,Grad,Grad,Grad,Grad,Grad,Grad
318126508L15,9.05,9.05,A+,A+,A+,O,A+,A+,A,A+
318126508L16,7.77,7.77,B,A+,A,A,A,A,A,B+
,,,DS&A,DLD,DMS,OOP W,PS&QT,DS LA,DE LA,JAVA
,,,Data Structur es  & Algorith,Digital Logic Design,Discret e Mathem atical,Object Oriente d Progra,"Probabil ity, Statistic s &",Data Structur es  Lab,Digital Electron ics Lab,Java Lab
,,,Grad,Grad,Grad,Grad,Grad,Grad,Grad,Grad
317126510001,7.50,7.93,A,C,A,B+,B+,A+,A,A+
317126510002,7.33,7.72,A,C,A,B+,B,A+,O,B+
317126510003,5.96,6.30,B+,C,C,P,B+,B+,B+,B
317126510004,,,B+,F,B+,P,F,A,B+,B+
317126510005,7.50,7.55,A+,C,A,B+,B,A,A+,A+
317126510006,6.88,6.84,A,C,B+,P,B+,A,A+,A
317126510007,,,C,P,B,F,P,B+,B+,F
317126510008,8.21,8.09,A+,B+,A+,A,B+,A+,A+,A
317126510009,8.33,7.46,A+,P,A+,A,A+,A+,A+,O
317126510010,8.33,8.73,A+,B,A+,A,B+,O,A+,O
317126510011,7.58,7.37,A,C,A,B+,B+,A+,A+,A+
317126510012,8.75,8.82,O,B+,A,A+,A+,A+,A,O
317126510013,8.67,8.88,A+,A,A+,A,A+,A+,A,A+
317126510014,8.58,8.42,A+,B+,A+,B+,A+,O,A+,A+
,,,DS&A,DLD,DMS,OOP W,PS&QT,DS LA,DE LA,JAVA
,,,Data Structur es  & Algorith,Digital Logic Design,Discret e Mathem atical,Object Oriente d Progra,"Probabil ity, Statistic s &",Data Structur es  Lab,Digital Electron ics Lab,Java Lab
,,,Grad,Grad,Grad,Grad,Grad,Grad,Grad,Grad
317126510015,9.38,9.25,A+,A,O,A+,O,O,A+,O
317126510016,8.58,8.63,A+,B+,A,A+,A+,A,A+,O
317126510017,,,A,P,B+,B,B,A,A,F
317126510018,,,B+,P,B+,P,B,A+,A+,F
317126510019,7.21,7.25,B+,C,A,A,B+,B+,A,A
317126510020,9.46,9.18,A+,A,O,A+,O,O,O,O
317126510021,7.71,7.75,A,C,A,A,A,A+,B+,A+
317126510022,8.83,8.75,A+,B+,O,A+,A+,A,A+,A+
317126510023,8.83,8.69,B+,A,A+,O,O,A+,A+,A+
317126510024,8.79,8.55,A+,A,A+,A+,A,A+,A+,O
317126510025,7.13,7.66,A,P,B+,B+,B+,A+,A,A
317126510026,,,B+,P,B+,F,F,A,A+,F
317126510027,8.04,7.73,A+,B+,A,P,A,O,O,O
317126510028,,,B,F,B,F,F,A,A,F
,,,DS&A,DLD,DMS,OOP W,PS&QT,DS LA,DE LA,JAVA
,,,Data Structur es  & Algorith,Digital Logic Design,Discret e Mathem atical,Object Oriente d Progra,"Probabil ity, Statistic s &",Data Structur es  Lab,Digital Electron ics Lab,Java Lab
,,,Grad,Grad,Grad,Grad,Grad,Grad,Grad,Grad
317126510029,7.04,7.15,A,P,A,C,B+,A,A+,A
317126510030,9.29,9.04,A+,A,A+,A+,O,O,O,O
317126510031,6.75,6.73,A,P,A,B,B+,A,B+,C
317126510032,,,A,F,B+,C,C,B+,B+,B
317126510033,6.25,6.36,B+,P,B+,B,C,B+,B+,A
317126510034,7.58,7.88,A,P,A+,A,A,B+,A,A
317126510035,8.25,7.96,A+,B+,A+,B+,A,A,A+,A+
317126510036,9.46,9.49,A+,A,O,A+,O,O,O,O
317126510037,9.38,9.19,O,A+,O,A,O,A+,O,A
317126510038,9.42,9.13,O,A+,A+,A+,A+,O,O,O
317126510039,9.25,9.09,A+,B+,O,A+,O,O,O,A+
317126510040,,,B,F,B+,B+,P,A+,A,B+
317126510041,9.63,9.43,O,A,O,A+,O,O,O,O
317126510042,,,B+,C,A,P,B+,A,B,F
,,,DS&A,DLD,DMS,OOP W,PS&QT,DS LA,DE LA,JAVA
,,,Data Structur es  & Algorith,Digital Logic Design,Discret e Mathem atical,Object Oriente d Progra,"Probabil ity, Statistic s &",Data Structur es  Lab,Digital Electron ics Lab,Java Lab
,,,Grad,Grad,Grad,Grad,Grad,Grad,Grad,Grad
317126510043,8.17,8.06,A+,B+,A,B+,A,A+,A+,A+
317126510044,7.63,,B+,B,A+,B+,B+,A,A+,A+
317126510045,9.25,9.12,A+,A,O,A,O,O,A+,O
317126510046,6.67,,B+,P,B+,B,B,A,A+,A
317126510047,7.46,,B+,B,B+,B+,B+,O,A+,A+
317126510048,7.75,7.81,A,C,A+,B+,A,A,A+,A
317126510049,,,B,F,C,P,P,A,A,B
317126510050,8.54,8.81,A,A,A+,B+,O,A+,A+,A
317126510051,8.38,8.67,A+,B+,A+,A,A+,A+,A,B+
317126510052,8.54,8.42,A+,P,O,B+,O,A+,O,A+
317126510053,8.29,8.31,A,B+,A+,A,A,O,A+,A
317126510054,,,B+,B,B+,F,P,A,A,B+
317126510055,9.08,8.91,A+,A,O,A,A+,O,A+,O
317126510057,8.21,8.28,A+,B+,A,B,A+,A+,A+,A+
,,,DS&A,DLD,DMS,OOP W,PS&QT,DS LA,DE LA,JAVA
,,,Data Structur es  & Algorith,Digital Logic Design,Discret e Mathem atical,Object Oriente d Progra,"Probabil ity, Statistic s &",Data Structur es  Lab,Digital Electron ics Lab,Java Lab
,,,Grad,Grad,Grad,Grad,Grad,Grad,Grad,Grad
317126510058,,,C,F,B+,P,B,B+,B,C
317126510059,8.42,7.82,O,B+,A,A+,A,O,A,B+
317126510061,9.08,8.67,O,B+,O,A+,A,O,A+,O
317126510062,,,F,F,F,F,F,F,B+,F
317126510063,7.67,7.88,A,B+,A+,C,A+,B+,A,B+
317126510064,6.79,7.27,B,P,A,B+,B+,A,A,B+
317126510065,9.42,9.34,A+,A+,A+,A+,O,O,O,O
317126510066,8.88,8.40,A,A,O,A+,A+,A+,A+,A+
317126510067,9.25,8.60,A+,A+,O,A+,A+,O,A+,A+
317126510068,8.00,7.75,A,B+,A+,B+,A,B+,A+,A+
317126510069,9.04,8.88,A+,A+,O,A,O,A+,A+,B+
317126510070,8.46,8.49,A+,B+,A+,A,A+,A,A+,A
317126510071,8.54,8.57,A+,A,A,A+,A+,A+,A+,B+
317126510072,9.29,8.93,A+,A+,O,A,O,O,A+,A+
,,,DS&A,DLD,DMS,OOP W,PS&QT,DS LA,DE LA,JAVA
,,,Data Structur es  & Algorith,Digital Logic Design,Discret e Mathem atical,Object Oriente d Progra,"Probabil ity, Statistic s &",Data Structur es  Lab,Digital Electron ics Lab,Java Lab
,,,Grad,Grad,Grad,Grad,Grad,Grad,Grad,Grad
317126510073,8.92,8.61,A+,A+,A+,A+,A+,A+,A+,A
317126510074,8.13,7.79,B+,B+,A,A,A+,A+,A+,A+
317126510075,8.50,8.34,A,B+,A+,A+,A+,A+,A,A+
317126510076,8.79,8.57,A+,A+,A+,A,A+,A+,A+,A
317126510077,7.42,8.13,B+,B+,A+,C,A,A,A,B+
317126510078,9.04,8.90,A+,A+,A+,A,O,A+,A+,A+
317126510079,7.04,7.16,B+,B+,B+,B,B+,B+,A,A
317126510080,9.04,8.72,A+,A,O,A+,O,A+,A,A
317126510082,,,P,F,F,P,F,C,A,F
317126510083,,,P,C,B,F,B+,F,A,B+
317126510084,9.04,8.84,A+,B+,O,A,O,O,A+,A+
317126510085,5.63,6.24,P,C,B,P,B+,B,A,B
317126510086,8.88,8.43,A+,A,O,A+,A+,A,A+,A
317126510088,,,P,F,P,P,C,B+,B,B+
,,,DS&A,DLD,DMS,OOP W,PS&QT,DS LA,DE LA,JAVA
,,,Data Structur es  & Algorith,Digital Logic Design,Discret e Mathem atical,Object Oriente d Progra,"Probabil ity, Statistic s &",Data Structur es  Lab,Digital Electron ics Lab,Java Lab
,,,Grad,Grad,Grad,Grad,Grad,Grad,Grad,Grad
317126510089,6.54,6.70,B,B,B,B+,B+,B+,A,B
317126510090,,,P,P,C,F,B+,F(Ab,B+,F(Ab
317126510091,9.21,8.67,A+,A+,O,A,O,A+,A+,A+
317126510092,8.21,7.94,A,A,A+,B+,A+,A,A+,B+
317126510093,9.00,8.76,A+,A,A+,A,O,A+,A+,O
317126510094,6.25,7.13,B,B,B,P,B,B+,A+,A
317126510095,5.25,6.00,P,P,C,P,B,C,B+,A+
317126510096,9.50,9.48,O,A+,A+,A+,O,A+,O,O
317126510097,8.92,8.72,A+,A,A+,A,A+,A+,O,O
317126510098,8.67,8.48,A+,A+,A,B+,A+,O,A+,A+
317126510099,8.96,8.49,A,A+,A+,A,O,A+,A+,O
317126510100,7.92,8.01,B,B+,A,B+,O,A+,A+,A
317126510101,7.67,8.04,A,B,B+,A,B+,A+,A,O
317126510102,7.29,6.75,B+,B,A,B+,B+,A,A,A
,,,DS&A,DLD,DMS,OOP W,PS&QT,DS LA,DE LA,JAVA
,,,Data Structur es  & Algorith,Digital Logic Design,Discret e Mathem atical,Object Oriente d Progra,"Probabil ity, Statistic s &",Data Structur es  Lab,Digital Electron ics Lab,Java Lab
,,,Grad,Grad,Grad,Grad,Grad,Grad,Grad,Grad
317126510103,5.46,6.39,C,C,B,P,P,A,B+,B+
317126510104,7.71,8.10,A,B,A,B+,B+,A+,A+,A+
317126510105,8.33,8.22,A,A,A+,A,A+,B+,A,A+
317126510107,8.17,8.31,A,B+,A,A+,B+,A+,A+,O
317126510108,,,F,P,P,P,P,B+,B+,B+
317126510110,8.04,8.06,A,B+,A+,A,A,A,A+,B+
317126510111,,,P,F,C,C,F,B+,A,B+
317126510112,8.33,7.96,A,A,A+,A,A+,A+,A,B+
317126510113,8.50,8.18,A,A,O,A,O,B+,A,B+
317126510114,,,P,F(Ab,P,F,F,B+,B+,F
317126510115,,,C,F,P,P,P,F,B+,B
317126510116,8.54,8.48,A,A,A,A+,A+,A+,O,A
317126510117,8.25,8.28,B+,A,A+,A,A+,A,A+,A
317126510118,9.46,9.10,A+,A,O,A+,O,O,O,O
,,,DS&A,DLD,DMS,OOP W,PS&QT,DS LA,DE LA,JAVA
,,,Data Structur es  & Algorith,Digital Logic Design,Discret e Mathem atical,Object Oriente d Progra,"Probabil ity, Statistic s &",Data Structur es  Lab,Digital Electron ics Lab,Java Lab
,,,Grad,Grad,Grad,Grad,Grad,Grad,Grad,Grad
317126510119,7.83,7.27,A,B,B+,A,A+,A+,A,A
317126510120,,,P,F,P,P,F,B+,B+,C
317126510121,8.96,8.64,A+,A,A,A+,O,O,A+,A+
317126510122,7.71,7.81,B+,C,A+,A,A,A,A+,A
317126510123,9.17,8.96,A+,A+,A+,A+,A+,O,O,A+
317126510124,8.13,7.85,A,A,A+,B+,A,A,O,B+
317126510125,9.50,9.04,O,A+,O,A+,A+,O,O,A+
317126510126,6.00,6.70,A,P,B,P,C,B+,A,B+
317126510127,9.54,9.40,A+,O,O,A+,A+,O,O,O
317126510128,,,B,F,B+,C,B,B,B+,F
317126510129,9.08,8.87,A+,A+,O,B+,A+,A+,O,O
317126510130,8.17,8.10,A+,B+,A,B+,A,A+,A,O
317126510131,9.38,8.87,O,A,O,A+,A+,A+,O,O
317126510132,8.92,8.87,A+,A+,A+,B+,A+,A+,O,O
,,,DS&A,DLD,DMS,OOP W,PS&QT,DS LA,DE LA,JAVA
,,,Data Structur es  & Algorith,Digital Logic Design,Discret e Mathem atical,Object Oriente d Progra,"Probabil ity, Statistic s &",Data Structur es  Lab,Digital Electron ics Lab,Java Lab
,,,Grad,Grad,Grad,Grad,Grad,Grad,Grad,Grad
317126510133,8.25,8.24,A+,A,A+,A,A,B+,A+,B+
317126510134,8.04,7.90,A,B+,A+,A,A,B+,A+,A
317126510135,9.08,8.99,A+,A,O,A,A+,O,O,A+
317126510136,7.29,7.30,B+,C,A,B,B+,A+,A+,A+
317126510137,8.17,7.99,A,A,A,A,A,A,A+,A+
317126510138,,,C,F,F(Ab,F,F(Ab,B+,F,B+
317126510139,9.38,9.03,O,A+,A+,A,O,O,O,A+
317126510140,9.58,9.33,O,A+,O,A+,A+,O,O,O
317126510141,,,P,P,C,P,F,B+,B,B+
317126510142,6.46,,B+,P,B+,B+,B,A,B,B+
317126510143,8.38,8.18,A,B+,A+,A,A,A,O,O
317126510144,9.04,8.46,A+,A,A+,A+,A+,A+,O,O
317126510145,8.63,7.93,A+,A,A+,A+,A,A+,A+,A
317126510146,7.75,7.69,A,B+,A,B+,A,B+,A+,A
,,,DS&A,DLD,DMS,OOP W,PS&QT,DS LA,DE LA,JAVA
,,,Data Structur es  & Algorith,Digital Logic Design,Discret e Mathem atical,Object Oriente d Progra,"Probabil ity, Statistic s &",Data Structur es  Lab,Digital Electron ics Lab,Java Lab
,,,Grad,Grad,Grad,Grad,Grad,Grad,Grad,Grad
317126510147,5.92,,C,P,B+,P,B+,A,B,B+
317126510148,8.21,8.04,A,B+,A+,A,A,A,A+,A+
317126510149,8.00,7.61,A+,B+,A,B+,B+,A+,A+,A+
317126510150,9.33,8.79,A+,A+,O,A+,A+,O,O,A+
317126510151,7.58,7.58,A,C,A,B+,A,A,A+,A
317126510152,8.67,8.19,A+,A,A+,A,A,A+,O,A+
317126510153,,,B+,P,A,B+,B+,F,B,B+
317126510154,5.75,,P,P,A,P,B+,B,B+,B
317126510156,9.21,9.27,A+,B+,O,A,O,O,O,O
317126510157,8.38,8.06,B+,B+,O,A,A,A+,O,A+
317126510158,8.96,8.52,A+,B+,O,A,A+,O,A+,O
317126510159,,,P,F,B,C,C,F,B+,B+
317126510160,7.88,8.04,A,B+,A,A,A,B+,A+,A
317126510161,5.71,,C,P,B+,B+,P,B+,C,A
,,,DS&A,DLD,DMS,OOP W,PS&QT,DS LA,DE LA,JAVA
,,,Data Structur es  & Algorith,Digital Logic Design,Discret e Mathem atical,Object Oriente d Progra,"Probabil ity, Statistic s &",Data Structur es  Lab,Digital Electron ics Lab,Java Lab
,,,Grad,Grad,Grad,Grad,Grad,Grad,Grad,Grad
317126510162,,,B,C,B+,C,F,A+,O,A
317126510163,7.46,6.85,B+,B+,B+,B,A,A,A+,A+
317126510164,,,F,F,F,F,F,C,C,F
317126510165,9.13,8.90,A+,A,O,A+,A+,A+,A+,O
317126510166,8.17,7.79,A,B+,A+,B+,A,A,O,A+
317126510167,7.63,7.85,A,B,A,B+,B+,A+,A+,A
317126510168,9.17,8.60,A+,A+,O,A+,A+,A,O,A+
317126510169,8.63,8.33,A+,A,A+,A+,A,A+,A+,A
317126510170,9.58,9.12,A+,A+,O,A+,O,O,O,O
317126510171,7.63,7.39,B+,B+,A,A,B+,A,A,A+
317126510172,7.79,7.42,B+,A,A+,B+,B+,A,A+,A
317126510174,8.75,8.60,A+,A,A+,A,A+,A+,A+,A+
317126510175,8.88,8.04,O,B+,A+,A,A,O,O,O
317126510176,9.75,9.54,O,O,O,A,O,O,O,O
,,,DS&A,DLD,DMS,OOP W,PS&QT,DS LA,DE LA,JAVA
,,,Data Structur es  & Algorith,Digital Logic Design,Discret e Mathem atical,Object Oriente d Progra,"Probabil ity, Statistic s &",Data Structur es  Lab,Digital Electron ics Lab,Java Lab
,,,Grad,Grad,Grad,Grad,Grad,Grad,Grad,Grad
317126510177,8.38,8.33,A,B+,A+,A,A+,A,A+,A+
317126510178,9.21,8.69,A+,A+,O,A,A+,A+,O,O
317126510179,9.29,9.18,A+,A+,O,A,A+,O,O,O
317126510180,9.25,8.96,A+,A+,A+,A+,A+,O,O,O
318126510L01,6.29,6.29,B,B,B+,C,C,A,A,B+
318126510L02,7.92,7.92,A+,B+,A,B+,A,A,A+,B+
318126510L03,,,F,C,B+,B,B,A+,B,F
318126510L04,,,F,F,B+,P,F,A,B+,B
318126510L05,7.71,7.71,A,A,A,B+,B,A+,A+,A
318126510L06,,,C,F,B+,B,F,A+,A,B
318126510L07,5.29,5.29,B,C,C,P,C,B+,B,C
318126510L09,6.88,6.88,A,B+,A,P,B,A,A+,C
318126510L10,6.88,6.88,B+,C,B+,A,C,A+,A,A
318126510L11,,,B+,F,B,C,F,A,A,C
,,,DS&A,DLD,DMS,OOP W,PS&QT,DS LA,DE LA,JAVA
,,,Data Structur es  & Algorith,Digital Logic Design,Discret e Mathem atical,Object Oriente d Progra,"Probabil ity, Statistic s &",Data Structur es  Lab,Digital Electron ics Lab,Java Lab
,,,Grad,Grad,Grad,Grad,Grad,Grad,Grad,Grad
318126510L12,7.75,7.75,A,B+,A,A+,B,A+,A+,B+
318126510L13,7.38,7.38,B+,B+,A,A,B,A,A,A
318126510L14,,,P,C,C,C,F,B+,A+,B
318126510L15,,,F,F,F,F,F,F,B+,B+
318126510L16,6.88,6.88,B+,C,A,B,B,A,A+,B+
318126510L17,,,B,B,P,A,F,A,A,B+
318126510L18,6.83,6.83,A,B,B,B,C,A+,A,A+
318126510L19,,,F,F,F,F,F,B+,B+,F
318126510L20,,,A,P,A,B+,F,A+,A+,O
318126510L21,,,F,F,C,P,F,B+,B+,B+
318126510L22,5.75,5.75,B,C,P,B+,C,B+,B+,B+
318126510L23,6.25,6.25,B,B+,B+,C,C,B+,B+,B+
318126510L24,6.54,6.54,B,C,B+,A,B,B+,B+,B+
318126510L25,8.50,8.50,A+,A,A+,A,B+,A+,O,A+
,,,DS&A,DLD,DMS,OOP W,PS&QT,DS LA,DE LA,JAVA
,,,Data Structur es  & Algorith,Digital Logic Design,Discret e Mathem atical,Object Oriente d Progra,"Probabil ity, Statistic s &",Data Structur es  Lab,Digital Electron ics Lab,Java Lab
,,,Grad,Grad,Grad,Grad,Grad,Grad,Grad,Grad
318126510L26,8.46,8.46,A,A,A,A+,A,A+,O,A+
318126510L27,6.71,6.71,A,B+,B,P,C,A+,A+,A
318126510L29,,,P,P,B,F(Ab,F,B+,C,F
318126510L30,8.42,8.42,A+,B+,A+,A+,B+,A,A+,O
318126510L31,,,B+,C,B+,C,P,B+,A,F
,,,EM-III,EM&SM,EMAG,NT,EDC,DLD,NT LA,EDC L
,,,Enginee ring Mathem atics-III,Enginee ring Mechani cs &,Electro magneti cs,Network Theory,"Electron ic Devices
&",Digital Logic Design,Network s Lab,"Electron ic Devices
&"
,,,Grad,Grad,Grad,Grad,Grad,Grad,Grad,Grad
317126514001,,,B,F,F,F,B+,C,B,A+
317126514002,,,A,B+,F,C,A,B,A,A+
317126514003,,,P,F,F,F,B+,P,B+,A
317126514004,,,F,F,F,F,F,F,F,B+
317126514005,7.45,8.23,A,B,B,B+,A,B+,A+,O
317126514006,6.68,7.75,B,B+,B+,C,B+,B+,B+,A
317126514007,6.64,6.85,B+,B+,B+,B,B+,P,B+,A+
317126514008,7.73,8.03,A+,B+,B+,A,B+,B,A+,O
317126514009,6.09,7.02,A,C,C,C,B+,P,B+,A+
317126514010,,,P,B,P,P,C,F,A,A
317126514011,5.73,6.89,B,C,C,P,B+,C,B+,A
317126514012,,,C,B,F,P,C,P,B+,A+
317126514013,,,B+,B,F,P,B,B+,A+,A+
317126514014,6.73,7.51,A,C,C,B,B+,B+,A,A+
,,,EM-III,EM&SM,EMAG,NT,EDC,DLD,NT LA,EDC L
,,,Enginee ring Mathem atics-III,Enginee ring Mechani cs &,Electro magneti cs,Network Theory,"Electron ic Devices
&",Digital Logic Design,Network s Lab,"Electron ic Devices
&"
,,,Grad,Grad,Grad,Grad,Grad,Grad,Grad,Grad
317126514015,5.95,6.98,C,C,P,C,B+,B+,B+,A+
317126514016,,,C,F,F,P,P,P,A+,A+
317126514017,6.45,7.15,A,B,C,P,B+,B,A,A+
317126514018,,,F,C,F,P,C,P,B+,A+
317126514019,6.45,7.55,B,B+,C,B+,B,C,A,A+
317126514020,8.64,8.72,A+,A,A,A,A+,A,O,O
317126514021,6.14,7.28,B+,B,C,C,B+,C,B+,A
317126514022,,,F,F,F,F,F,F,C,A
317126514023,7.00,7.80,A,B,B,B,A,B,A,A+
317126514024,7.18,7.71,A,B,B,C,A,B+,A+,O
317126514025,5.55,5.86,B,C,C,P,C,B+,C,A
317126514026,6.91,7.51,B+,B,C,B,B+,B+,A+,O
317126514027,,,B+,F,B,B,B+,C,A+,A+
317126514028,7.50,7.86,A,A,B+,B,A,B,A+,A+
,,,EM-III,EM&SM,EMAG,NT,EDC,DLD,NT LA,EDC L
,,,Enginee ring Mathem atics-III,Enginee ring Mechani cs &,Electro magneti cs,Network Theory,"Electron ic Devices
&",Digital Logic Design,Network s Lab,"Electron ic Devices
&"
,,,Grad,Grad,Grad,Grad,Grad,Grad,Grad,Grad
317126514029,,,F,F,F,F,F,F,C,A
317126514030,6.32,7.57,B+,C,B,C,B+,C,A,A+
317126514031,7.36,8.22,A+,C,B,B+,B+,A,A+,A+
317126514032,6.82,6.69,B+,B,B+,P,A,B,A+,A+
317126514033,,,B+,B,F,P,B,B+,A,A
317126514034,,,F,F,F,F,F,P,F,A
317126514035,,,B+,F,C,C,B+,B,A+,A+
317126514036,8.91,8.94,O,A,A,A+,A,A+,O,O
317126514037,7.45,8.23,A,B+,B,B+,B+,B+,A+,O
317126514038,,,F,F,F,F,F,F,F,A
317126514039,,,F,F,F,F,F,B,F,A
317126514040,6.59,7.35,A,B,C,P,B+,B+,A,A+
317126514041,5.32,6.34,B,C,P,P,C,C,B,A+
317126514042,8.23,8.63,A+,A,B+,B+,A,A,O,O
,,,EM-III,EM&SM,EMAG,NT,EDC,DLD,NT LA,EDC L
,,,Enginee ring Mathem atics-III,Enginee ring Mechani cs &,Electro magneti cs,Network Theory,"Electron ic Devices
&",Digital Logic Design,Network s Lab,"Electron ic Devices
&"
,,,Grad,Grad,Grad,Grad,Grad,Grad,Grad,Grad
317126514043,,,C,F,F,C,B+,C,A+,A+
317126514044,,,F,F,F,F,F,F(Ab,F,A
317126514045,,,F,F,P,F,B+,P,B,A
317126514046,7.36,8.03,A,B,B,B+,A+,B,A,O
317126514047,,,B,C,F,B+,B+,B+,B+,A+
317126514048,7.64,8.25,A,B+,B,B+,A,A,A+,A+
317126514049,,,B,F,C,C,B+,C,A,O
317126514050,5.59,6.31,C,P,C,P,A,C,B,A+
317126514051,,,B+,F,C,C,B+,B,A,A+
317126514052,7.55,8.14,A,B+,A,B,A,B+,A,A+
317126514053,7.64,8.05,A,B+,B+,B,A,A,A,O
317126514055,,,F,F,F,P,P,P,B+,A
317126514056,,,B+,F,P,P,B+,B,A,A+
317126514057,6.95,7.97,B+,C,B,B,A,B+,A+,A+
,,,EM-III,EM&SM,EMAG,NT,EDC,DLD,NT LA,EDC L
,,,Enginee ring Mathem atics-III,Enginee ring Mechani cs &,Electro magneti cs,Network Theory,"Electron ic Devices
&",Digital Logic Design,Network s Lab,"Electron ic Devices
&"
,,,Grad,Grad,Grad,Grad,Grad,Grad,Grad,Grad
317126514058,8.68,8.85,O,A,A+,B+,A+,A,A+,O
317126514059,8.41,8.63,A+,B+,A+,A,A,A,A+,O
317126514060,,,P,F,F,F,B,P,F,A+
317126514061,,,P,P,F,P,P,P,F,B
317126514062,,,B+,F,F,P,B,B,F,B+
317126514063,,,B+,F,P,F,C,P,F,A
317126514064,6.82,7.48,A+,B,B,C,A,B,B+,A
317126514065,,,A,C,B,P,B,C,F,B+
317126514066,6.41,7.32,B+,B,P,B+,B+,B,B+,A
317126514067,,,C,P,F,C,C,B+,B,A
317126514068,,,C,F,F,F,F,F,F,F
317126514069,6.82,7.97,A+,B+,P,C,B,B+,O,A
317126514070,,,P,F,F,P,P,F,B+,A+
317126514071,,,F,F,F,F,F,P,F,B
,,,EM-III,EM&SM,EMAG,NT,EDC,DLD,NT LA,EDC L
,,,Enginee ring Mathem atics-III,Enginee ring Mechani cs &,Electro magneti cs,Network Theory,"Electron ic Devices
&",Digital Logic Design,Network s Lab,"Electron ic Devices
&"
,,,Grad,Grad,Grad,Grad,Grad,Grad,Grad,Grad
317126514072,6.45,6.95,A,B,P,B,B+,C,A,A+
317126514073,6.27,7.45,A,B,P,C,B+,B,A,B+
317126514074,7.55,8.15,B+,A,B,B+,A+,B+,A,A+
317126514075,,,F(Ab,A,B+,B,B,F(Ab,A,A+
317126514076,7.36,8.18,A+,C,B+,A,B+,B,A+,A+
317126514077,,,F,F,F,F,F,F,F,C
317126514078,,,F,F,F,F,F,F(Ab,F,F
317126514079,8.23,8.58,O,A,B+,A,A,A,A,A+
317126514080,8.45,8.71,O,A,A,A,A,A,A+,A+
317126514081,5.55,6.74,B+,P,P,P,B+,P,A,A
317126514082,7.95,8.38,O,A,B+,B+,B+,A,A+,A
317126514084,,,B+,F,F,F,C,C,A,A+
317126514085,7.18,7.80,A,B+,B,B+,B+,B+,A,A
317126514086,,,F,F,F,F,F,F,F,F
,,,EM-III,EM&SM,EMAG,NT,EDC,DLD,NT LA,EDC L
,,,Enginee ring Mathem atics-III,Enginee ring Mechani cs &,Electro magneti cs,Network Theory,"Electron ic Devices
&",Digital Logic Design,Network s Lab,"Electron ic Devices
&"
,,,Grad,Grad,Grad,Grad,Grad,Grad,Grad,Grad
317126514087,5.95,7.34,A,P,P,C,B+,C,A,A
317126514088,,,B+,F,P,P,B+,B,B+,B+
317126514089,,,C,F,P,P,C,C,A,A
317126514090,,,F,F,F,F,F,F,F,F
317126514091,,,B,C,B+,C,B,B,F,A+
317126514092,,,P,F,F,F,F,F,A,F
317126514093,,,P,F,F,F,P,F,F,F
317126514094,,,F,F,F,F,F,F,F,F
317126514095,6.91,7.22,A,B,B+,B+,C,B+,B+,A+
317126514096,5.68,6.83,A,P,C,B,C,C,C,A
317126514097,,,P,F,P,P,P,P,C,C
317126514098,7.73,8.37,A+,B,A,A,B+,A,A+,B+
317126514099,,,F,F,F,F,F,F,B+,C
317126514100,6.00,6.54,B+,B,C,C,B,C,B+,A
,,,EM-III,EM&SM,EMAG,NT,EDC,DLD,NT LA,EDC L
,,,Enginee ring Mathem atics-III,Enginee ring Mechani cs &,Electro magneti cs,Network Theory,"Electron ic Devices
&",Digital Logic Design,Network s Lab,"Electron ic Devices
&"
,,,Grad,Grad,Grad,Grad,Grad,Grad,Grad,Grad
317126514101,7.27,6.48,A+,B,C,B+,B+,A,A,A+
317126514102,6.86,7.62,A,B,B,B+,B,B,A+,A
317126514103,9.73,9.83,O,O,O,A+,A+,O,O,O
317126514104,6.77,7.40,A,B+,C,B,A,C,A,A
317126514105,,,C,F,F,C,C,B,B,C
317126514106,6.32,6.85,B+,B,P,B+,B,B+,B+,B+
317126514107,,,C,F,F,F,F,P,F,B
317126514108,5.59,6.94,P,P,C,P,B,A,A,B+
317126514109,8.32,8.66,O,A+,A,A,A,A,A+,B
317126514110,,,B,F,P,P,B,C,B+,B+
317126514111,5.77,7.03,B+,P,P,C,C,B,A,A+
317126514112,,,F,F,P,P,C,F,B+,C
317126514113,,,F,F,F,F,F,F,F,F(Ab
317126514114,,,C,B+,F,C,B,P,A,B+
,,,EM-III,EM&SM,EMAG,NT,EDC,DLD,NT LA,EDC L
,,,Enginee ring Mathem atics-III,Enginee ring Mechani cs &,Electro magneti cs,Network Theory,"Electron ic Devices
&",Digital Logic Design,Network s Lab,"Electron ic Devices
&"
,,,Grad,Grad,Grad,Grad,Grad,Grad,Grad,Grad
317126514115,7.14,7.57,A,C,B+,B+,B+,B+,A+,A
317126514116,,,C,F,F,F,F,P,C,F
317126514117,,,F,F,F,F,F,F,F,C
317126514118,7.45,7.68,O,A+,B+,B,B,B,A,A
317126514119,,,F,F,F,F,F,F,B+,B+
317126514120,,,P,P,P,F,C,P,C,B+
317126514121,6.23,6.71,B+,B+,P,C,B,B,A,A
317126514122,7.23,7.75,B+,B+,B+,B+,A,B+,B+,A
317126514123,7.64,8.18,A+,B+,B+,B+,B+,B+,A+,A+
317126514124,7.14,7.75,A,B,B+,B,B+,B+,A+,A
317126514125,,,C,P,F,P,C,C,B+,B+
317126514126,6.91,7.55,A+,P,B,B+,B+,B+,A,A
317126514127,6.68,7.15,A+,P,B+,B+,B+,C,B+,A
317126514128,5.05,6.37,B+,P,P,C,P,C,C,B+
,,,EM-III,EM&SM,EMAG,NT,EDC,DLD,NT LA,EDC L
,,,Enginee ring Mathem atics-III,Enginee ring Mechani cs &,Electro magneti cs,Network Theory,"Electron ic Devices
&",Digital Logic Design,Network s Lab,"Electron ic Devices
&"
,,,Grad,Grad,Grad,Grad,Grad,Grad,Grad,Grad
317126514129,8.73,9.05,A+,A+,A,O,A,A,A+,A+
317126514130,6.09,7.12,A,P,C,P,B+,B,A,A
317126514131,6.27,7.52,A,B+,C,P,B+,C,B+,A
317126514132,7.55,8.05,A+,B,B+,A,B+,B+,A+,A
317126514133,,,F,F,F,F,F(Ab,F,F,F
317126514134,5.55,6.75,B+,P,P,B+,C,C,C,A
317126514135,8.23,9.12,A+,A+,A,B+,B+,B+,O,O
317126514136,,,F,F,F,F,F,F,C,B
317126514137,8.68,8.83,A+,A+,B+,A+,A,A+,O,A+
317126514138,8.45,8.88,O,A,A+,A,A,B+,A+,A+
317126514139,6.55,7.69,A,P,B,B+,B,B+,A,B+
317126514140,,,F,F,P,P,F,C,F,B+
317126514141,6.23,7.63,B+,P,B,C,B+,B,A,A
317126514142,9.09,9.14,O,A,A+,A+,A+,A+,O,A+
,,,EM-III,EM&SM,EMAG,NT,EDC,DLD,NT LA,EDC L
,,,Enginee ring Mathem atics-III,Enginee ring Mechani cs &,Electro magneti cs,Network Theory,"Electron ic Devices
&",Digital Logic Design,Network s Lab,"Electron ic Devices
&"
,,,Grad,Grad,Grad,Grad,Grad,Grad,Grad,Grad
317126514144,5.64,,P,C,C,C,B,B+,B+,B+
317126514145,8.32,8.37,O,A,B+,A,A,A,O,A
317126514146,5.14,5.86,B,C,C,C,P,P,B+,B
317126514147,6.32,6.49,B+,B,B,C,B+,B,B+,B+
317126514148,8.27,8.60,O,A,A,A,B+,B+,O,A+
317126514149,8.91,9.34,O,O,A,A+,A+,A,A+,A
317126514150,,,F,F,F,F,F,F,F(Ab,F
317126514151,7.82,8.40,A,A,A,A,B+,B+,A+,A
317126514152,8.59,8.92,O,A,A+,B+,A,A+,O,A
317126514153,6.77,7.15,B+,B+,B,B,A,C,A+,B+
317126514154,8.36,8.82,A+,A+,A,A,A,A,A+,A
317126514155,,,B+,F,P,C,P,C,B+,B+
317126514156,7.68,8.22,A+,B+,B+,A,B+,B+,A+,A
317126514157,,,B,F,F,P,P,F,C,B+
,,,EM-III,EM&SM,EMAG,NT,EDC,DLD,NT LA,EDC L
,,,Enginee ring Mathem atics-III,Enginee ring Mechani cs &,Electro magneti cs,Network Theory,"Electron ic Devices
&",Digital Logic Design,Network s Lab,"Electron ic Devices
&"
,,,Grad,Grad,Grad,Grad,Grad,Grad,Grad,Grad
317126514158,6.91,7.74,A+,B+,B,B,B,B,A,A
317126514159,7.32,8.06,A+,B,B,B+,A,B+,A,A
317126514160,,,F,F,F,F,F,F,F,F
317126514161,6.36,7.08,B+,C,B+,B,B+,B,C,A
317126514162,,,B,B,F,C,F,B,A+,A
317126514163,6.64,7.58,A,B+,B,B+,C,B+,B,B+
317126514164,7.27,8.18,A+,B,C,A,B+,B+,A+,A
317126514165,7.95,8.03,A+,A,B+,A,A,B+,A+,A
317126514166,,,C,F,F,P,F,P,C,B+
317126514167,7.05,7.72,A,B+,B,B+,B,B+,A,A
317126514168,7.95,7.95,A+,A,A,A,B+,B+,A+,A
317126514169,8.27,8.28,A+,A+,B+,A,A+,A,A,A
317126514170,6.59,7.40,B+,A,P,B,C,B+,O,B+
317126514171,,,C,P,F,F,F,P,F,C
,,,EM-III,EM&SM,EMAG,NT,EDC,DLD,NT LA,EDC L
,,,Enginee ring Mathem atics-III,Enginee ring Mechani cs &,Electro magneti cs,Network Theory,"Electron ic Devices
&",Digital Logic Design,Network s Lab,"Electron ic Devices
&"
,,,Grad,Grad,Grad,Grad,Grad,Grad,Grad,Grad
317126514172,8.50,8.83,O,A+,A,A,A,A,A+,A
318126514L01,,,B,F,F,P,B,B,B,A+
318126514L02,8.00,8.00,A,B+,B+,B+,A,A+,A+,O
318126514L03,,,P,C,F,C,B+,B,B+,O
318126514L04,7.55,7.55,A,B,B+,B+,A,A,A,A+
318126514L05,8.05,8.05,A,A,A,A,A,B+,A,O
318126514L06,8.00,8.00,A,A,A,B+,A,B+,A+,O
318126514L07,,,F,F,F,F,F,F,B,A
318126514L08,,,F,F,F,F,B,P,B+,A+
318126514L09,,,F,F,C,B,B+,B+,B+,A+
318126514L10,8.55,8.55,A+,B+,A,A,A+,A+,A+,O
318126514L11,,,F,F,F,F,F,F,F,A+
318126514L12,7.27,7.27,A,B,B,B+,A,B+,A,A+
318126514L13,7.41,7.41,B+,B,A,B,A,A,A+,A
,,,EM-III,EM&SM,EMAG,NT,EDC,DLD,NT LA,EDC L
,,,Enginee ring Mathem atics-III,Enginee ring Mechani cs &,Electro magneti cs,Network Theory,"Electron ic Devices
&",Digital Logic Design,Network s Lab,"Electron ic Devices
&"
,,,Grad,Grad,Grad,Grad,Grad,Grad,Grad,Grad
318126514L14,8.82,8.82,A+,A+,A,A,A+,A+,A+,O
318126514L15,8.05,8.05,B+,A,A,B+,A,A+,A+,A+
318126514L16,7.45,7.45,B+,B+,A,B+,B+,A,A+,B+
318126514L17,7.55,7.55,A,B+,B+,B+,B+,A,A+,A
318126514L18,7.73,7.73,A+,A,B,A,B+,A,A,A
318126514L19,6.95,6.95,B+,B,B+,B,B+,A,B+,A
318126514L20,6.32,6.32,B,C,C,B,B,B+,A+,A
318126514L21,,,F,P,F,C,C,C,A,B+
318126514L22,6.36,6.36,B+,C,C,C,B+,B+,A,A
318126514L23,6.82,6.82,B,C,C,C,A,A+,A+,A+
318126514L24,8.18,8.18,A,A,A,B+,A,A+,O,A
318126514L25,,,F(Ab,F(Ab,F(Ab,F(Ab,F(Ab,F(Ab,F,B+
318126514L26,8.95,8.95,A+,A,A+,A+,A+,A+,O,A+
318126514L27,,,B+,B,B,B,B+,B+,F,A
,,,EM-III,EM&SM,EMAG,NT,EDC,DLD,NT LA,EDC L
,,,Enginee ring Mathem atics-III,Enginee ring Mechani cs &,Electro magneti cs,Network Theory,"Electron ic Devices
&",Digital Logic Design,Network s Lab,"Electron ic Devices
&"
,,,Grad,Grad,Grad,Grad,Grad,Grad,Grad,Grad
318126514L28,7.50,7.50,A,B+,B+,B+,B+,B+,O,A
318126514L29,6.59,6.59,B+,C,P,B,B+,A,A+,A
318126514L30,7.77,7.77,B+,A,B+,B+,B+,A+,O,A
318126514L31,6.00,6.00,C,C,B,B,C,C,O,A
318126514L32,6.77,6.77,A,C,B+,C,B+,B+,A,A
318126514L33,,,F,F,F,P,F,B,A,B+
318126514L34,7.68,7.68,B+,A,B+,B,A,A+,A+,A
318126514L35,7.86,7.86,A,B+,A,B+,A+,A,A+,B+
318126514L37,5.55,5.55,B,C,C,P,C,B+,B+,B
318126514L38,7.77,7.77,A+,B,B+,B+,B+,A+,O,A
318126514L39,7.50,7.50,A+,A,B+,B+,B+,B+,A,B+
318126514L40,7.77,7.77,A+,A,B,A,B+,B+,O,A
318126514L41,7.59,7.59,A+,B+,B+,B+,A,B+,A+,B+
318126514L42,,,C,F,F,P,P,C,A,B+
,,,EM-III,EM&SM,EMAG,NT,EDC,DLD,NT LA,EDC L
,,,Enginee ring Mathem atics-III,Enginee ring Mechani cs &,Electro magneti cs,Network Theory,"Electron ic Devices
&",Digital Logic Design,Network s Lab,"Electron ic Devices
&"
,,,Grad,Grad,Grad,Grad,Grad,Grad,Grad,Grad
318126514L43,,,B+,F(Ab,P,B+,B,C,A,B+
318126514L44,,,F,F,F,C,P,P,B+,A
,,,EM-III,EM,DS,S&S,NA&S,ECA-I,ECA-I,N&EM
,,,Enginee ring Mathem atics-III,Electric al Machine s,Data structur es,Signals and System s,Network analysi s and synthes,Electron ic Circuits and,Electron ic Circuits and,"Network
& EM Laborat ory"
,,,Grad,Grad,Grad,Grad,Grad,Grad,Grad,Grad
316126512166,,,F,F,F,F,F,F,F(Ab,F(Ab
317126512001,8.30,8.89,O,A,A+,A,A,B,A+,O
317126512002,8.39,9.14,O,A+,A,B+,A+,B+,A,O
317126512003,5.39,6.56,B,B,B,P,P,P,B+,A
317126512004,7.04,7.83,A,B+,B+,A,B,C,A,A+
317126512005,8.87,9.26,A+,A+,A+,A+,A,A,O,O
317126512006,7.17,8.14,A,A,B+,B+,B+,C,A,A+
317126512007,8.87,9.23,O,A,A,A+,A+,A,O,O
317126512008,8.00,8.14,A+,B+,A,A,A,B+,A,O
317126512009,,,A,B+,B+,P,B+,F,A,A+
317126512010,6.00,7.55,B+,C,B+,B,C,P,A,A
317126512011,,,F,F,P,F,F,F,B+,B+
317126512012,5.83,6.80,B+,B+,B+,P,C,P,B,A
317126512013,,,F,C,F,F,F,F,F,B+
,,,EM-III,EM,DS,S&S,NA&S,ECA-I,ECA-I,N&EM
,,,Enginee ring Mathem atics-III,Electric al Machine s,Data structur es,Signals and System s,Network analysi s and synthes,Electron ic Circuits and,Electron ic Circuits and,"Network
& EM Laborat ory"
,,,Grad,Grad,Grad,Grad,Grad,Grad,Grad,Grad
317126512014,5.70,6.83,B,P,B+,B,P,C,A+,B
317126512015,,,B+,B+,B+,P,P,F,A,A+
317126512016,8.57,9.06,A+,A+,A+,A+,A+,B+,A,A+
317126512017,7.61,8.26,A+,A,A,B,A,C,A+,O
317126512018,7.78,8.32,A+,A+,A+,B,A,C,A+,A+
317126512019,9.57,9.47,O,O,A+,A+,O,A+,O,O
317126512020,,,C,B+,B,C,P,F,B+,A
317126512021,7.48,8.14,B+,A+,A,B+,B+,B,A+,A
317126512022,5.48,6.70,B,B+,C,P,P,P,A,A
317126512023,7.04,8.18,A+,A,B+,B,A,C,A,B
317126512024,5.65,6.83,B+,B,B,C,P,P,A,B+
317126512025,5.30,6.29,C,B,B+,P,P,P,B+,B+
317126512026,6.09,7.21,B+,B,A,P,C,P,A,A+
317126512027,6.83,7.82,B+,B+,A,B,B+,C,A,A
,,,EM-III,EM,DS,S&S,NA&S,ECA-I,ECA-I,N&EM
,,,Enginee ring Mathem atics-III,Electric al Machine s,Data structur es,Signals and System s,Network analysi s and synthes,Electron ic Circuits and,Electron ic Circuits and,"Network
& EM Laborat ory"
,,,Grad,Grad,Grad,Grad,Grad,Grad,Grad,Grad
317126512028,,,F,F,F,F,F,F,B,B+
317126512029,7.04,7.88,B+,B+,A,B+,B+,C,A+,A
317126512030,7.83,8.48,A,A,A+,B+,A,B,A+,A+
317126512031,,,P,F,F,F,F,F,C,C
317126512032,9.00,9.26,O,A+,A+,A+,A,A,O,O
317126512033,7.78,8.44,A,A+,B+,B+,A,B,A+,O
317126512034,8.52,8.86,A+,O,A+,A,A,B+,A+,A+
317126512035,6.70,7.94,A,A,B+,B,B+,P,A,B+
317126512036,8.22,8.73,A,A+,A+,A,B+,B+,A+,O
317126512037,7.39,7.74,B+,A+,A,A,A,P,A+,A
317126512038,,,P,B+,C,C,F,P,B+,B+
317126512039,7.65,8.18,A,A,A,B+,B+,B,A+,O
317126512040,8.83,8.92,A+,A,A+,A+,A,A+,O,A+
317126512041,7.96,8.38,A,A+,A+,B+,A,B,A,O
,,,EM-III,EM,DS,S&S,NA&S,ECA-I,ECA-I,N&EM
,,,Enginee ring Mathem atics-III,Electric al Machine s,Data structur es,Signals and System s,Network analysi s and synthes,Electron ic Circuits and,Electron ic Circuits and,"Network
& EM Laborat ory"
,,,Grad,Grad,Grad,Grad,Grad,Grad,Grad,Grad
317126512042,,,C,C,C,F,P,P,B+,A
317126512043,5.87,6.42,B,B+,B+,P,C,P,A,A
317126512044,,,C,P,B,P,F,P,A,A
317126512045,6.17,6.95,B+,B,B,C,B,P,A+,A+
317126512046,8.09,8.70,A+,A,A+,A,A,B,A+,A+
317126512047,7.57,8.39,A+,A,A,B+,A,P,A+,O
317126512048,6.74,7.38,B,A,A,C,B,C,A+,A+
317126512049,6.74,7.45,A+,B+,A,B,C,P,A,A+
317126512050,,,F,B,B+,P,P,P,A+,A+
317126512051,,,C,F,F,F,F,F,F,C
317126512052,8.43,9.00,A+,A+,A+,B+,A,A,A+,A+
317126512053,9.13,9.23,A+,O,A+,A+,A+,A+,O,A
317126512054,,,B,C,F,C,F,F,A,B+
317126512055,6.57,7.44,A,B+,A,P,B,C,A,A
,,,EM-III,EM,DS,S&S,NA&S,ECA-I,ECA-I,N&EM
,,,Enginee ring Mathem atics-III,Electric al Machine s,Data structur es,Signals and System s,Network analysi s and synthes,Electron ic Circuits and,Electron ic Circuits and,"Network
& EM Laborat ory"
,,,Grad,Grad,Grad,Grad,Grad,Grad,Grad,Grad
317126512056,7.04,8.14,A,A,A,B,B,C,A+,A
317126512057,,,F,B,B,F,P,F,A,A
317126512058,6.04,6.98,C,A,B+,C,P,C,A,A
317126512060,7.70,8.33,A+,A,A+,B,B+,B,A+,A+
317126512061,8.17,8.45,A+,A+,A+,A,B+,B,A+,O
317126512062,,,C,B+,B+,P,P,F,A,A+
317126512063,8.13,8.39,O,A+,A+,A,B+,C,A+,O
317126512064,,,B,C,B+,F,F,P,B+,O
317126512066,8.04,8.03,A+,A,A,A,A,B,A+,O
317126512067,7.22,7.56,A,B+,A,B,B+,C,A+,O
317126512068,,,B,B,B+,P,P,F,B+,B+
317126512069,,,P,B,B+,P,F,F,B+,A
317126512070,9.04,9.17,O,A+,A+,A+,A+,A,A+,O
317126512071,8.61,8.85,A+,A+,A+,A+,A,B+,A+,O
,,,EM-III,EM,DS,S&S,NA&S,ECA-I,ECA-I,N&EM
,,,Enginee ring Mathem atics-III,Electric al Machine s,Data structur es,Signals and System s,Network analysi s and synthes,Electron ic Circuits and,Electron ic Circuits and,"Network
& EM Laborat ory"
,,,Grad,Grad,Grad,Grad,Grad,Grad,Grad,Grad
317126512072,6.52,7.26,B,B+,A,B,C,C,A,A+
317126512073,9.30,9.29,O,A+,A+,A+,A+,A+,O,O
317126512074,9.04,9.08,O,A+,A+,A+,A+,A,A+,O
317126512075,8.65,8.73,A+,A,A+,A,A+,A,A+,O
317126512076,8.13,8.29,A+,A+,A+,A,A,B,A,A+
317126512077,8.26,8.59,A+,A,A+,A,A,B+,A,O
317126512078,8.65,8.92,A+,A+,A+,A+,A+,B+,A+,A+
317126512079,8.78,8.80,A+,A+,O,A+,A+,B+,A+,A+
317126512080,,,F,C,B+,P,F,P,A,A
317126512081,8.65,8.98,A+,O,A+,A,A+,B+,A+,A+
317126512082,6.61,7.39,B+,B+,A,C,C,C,A+,A+
317126512083,8.91,9.06,A+,A+,O,A+,A,A,A+,O
317126512085,7.00,7.52,C,A,A+,B+,B,C,A+,A+
317126512086,8.48,8.73,A+,A+,A+,B+,A+,B+,A+,O
,,,EM-III,EM,DS,S&S,NA&S,ECA-I,ECA-I,N&EM
,,,Enginee ring Mathem atics-III,Electric al Machine s,Data structur es,Signals and System s,Network analysi s and synthes,Electron ic Circuits and,Electron ic Circuits and,"Network
& EM Laborat ory"
,,,Grad,Grad,Grad,Grad,Grad,Grad,Grad,Grad
317126512087,8.13,8.56,A+,A+,A+,B+,B+,B+,A+,A+
317126512088,6.61,,B,A,A,B+,C,C,A,B+
317126512089,,,B+,A+,A,C,C,F,A+,A+
317126512090,7.57,8.24,A+,A,A,B+,A,C,A,A+
317126512091,6.74,7.65,A,B+,A,B,B,P,A,A+
317126512092,7.09,7.68,A,A+,A+,P,C,B,A,A+
317126512093,,,F,F,F,F,F,F,C,C
317126512094,7.30,8.02,A,A+,A,B+,A,P,A,A
317126512095,6.57,7.23,B+,A,A+,C,P,C,A,A
317126512096,,,C,B,C,C,C,F,A+,A+
317126512097,,,P,C,B,F,F,F,A,A
317126512098,8.04,8.39,A,A+,A,A+,A+,C,A,O
317126512099,,,B,B,C,P,P,F,B,A+
317126512100,8.39,8.71,O,A+,A+,A,A+,B,A,A+
,,,EM-III,EM,DS,S&S,NA&S,ECA-I,ECA-I,N&EM
,,,Enginee ring Mathem atics-III,Electric al Machine s,Data structur es,Signals and System s,Network analysi s and synthes,Electron ic Circuits and,Electron ic Circuits and,"Network
& EM Laborat ory"
,,,Grad,Grad,Grad,Grad,Grad,Grad,Grad,Grad
317126512101,9.09,9.06,O,O,A+,A+,A+,A,A+,A+
317126512102,7.65,8.42,B+,A,A+,A,A,C,A+,A+
317126512103,8.30,8.55,A+,A+,A+,B+,A+,B,A+,O
317126512104,5.87,7.27,B,B+,B+,P,B+,P,B+,B
317126512106,8.13,8.68,A+,A+,A,B+,A,B+,A+,A+
317126512107,,,C,B+,C,B,B,F,A,C
317126512108,7.83,8.29,O,A,A,A,A,C,A,A+
317126512109,8.91,8.85,A+,A+,A+,A+,A+,A,A+,O
317126512110,9.43,9.61,O,O,O,A+,O,A,A+,O
317126512112,8.04,8.38,A+,A+,A,A,A+,C,A+,A+
317126512113,7.22,7.97,B+,B+,A,B+,B+,B,A+,A
317126512114,8.39,8.97,O,A+,A+,A,A+,C,A+,O
317126512115,8.22,8.47,A+,A,A+,A,A+,B,A+,A+
317126512116,7.96,8.61,A,A,A,B+,A,B+,A+,O
,,,EM-III,EM,DS,S&S,NA&S,ECA-I,ECA-I,N&EM
,,,Enginee ring Mathem atics-III,Electric al Machine s,Data structur es,Signals and System s,Network analysi s and synthes,Electron ic Circuits and,Electron ic Circuits and,"Network
& EM Laborat ory"
,,,Grad,Grad,Grad,Grad,Grad,Grad,Grad,Grad
317126512117,8.35,8.38,A+,A+,A,A,A,B+,A+,O
317126512118,,,C,B+,A,C,P,F,A,C
317126512119,,,F,F,F,F,F,F,B+,B
317126512120,8.13,8.70,A+,A,A,B+,A+,B+,A+,A+
317126512121,8.65,8.70,A+,B+,A+,A+,A+,A,A+,O
317126512122,7.83,7.65,O,B,B+,A,A+,B,A+,A+
317126512123,9.22,9.12,O,A+,A+,A,O,A+,A+,O
317126512124,5.30,5.97,B+,C,C,P,C,P,B+,B+
317126512125,,,C,C,B+,P,B,F,B+,A
317126512126,6.35,7.21,B+,B,B+,C,B+,C,B+,A
317126512127,6.70,7.47,A,C,A,A,C,C,A+,B+
317126512128,7.70,8.29,A,A,A,B,A+,B,A,O
317126512129,6.17,6.79,B+,B+,B,C,B+,P,B+,A
317126512130,8.13,8.70,A+,A,B+,B+,O,B+,A+,A+
,,,EM-III,EM,DS,S&S,NA&S,ECA-I,ECA-I,N&EM
,,,Enginee ring Mathem atics-III,Electric al Machine s,Data structur es,Signals and System s,Network analysi s and synthes,Electron ic Circuits and,Electron ic Circuits and,"Network
& EM Laborat ory"
,,,Grad,Grad,Grad,Grad,Grad,Grad,Grad,Grad
317126512131,9.57,9.50,A+,O,A+,O,O,A+,O,O
317126512132,8.78,8.68,O,A+,A,A,A+,A,A+,O
317126512133,9.83,9.68,O,O,O,O,O,A+,O,O
317126512134,8.26,8.08,O,A,B+,A,A+,B+,A+,A+
317126512135,8.48,8.58,A,A+,A,A+,A+,A,A,A+
317126512136,9.43,9.47,A+,A+,A+,O,O,A+,O,O
317126512137,6.57,7.32,B,B+,B+,C,A,C,A,A
317126512138,9.09,8.94,A+,A+,A,A+,O,A+,A+,O
317126512139,6.74,7.06,B+,A,B+,P,B+,B+,B+,B+
317126512140,6.57,6.36,B+,B,B+,B,B+,C,A,A
317126512141,6.26,7.05,B,B+,B+,C,B+,C,B+,B+
317126512142,8.65,9.06,A+,A+,A,B+,O,A,A+,O
317126512143,7.43,7.67,B+,B+,A,B+,A,B+,A,A
317126512144,7.65,7.45,A,A,B+,B+,A,B+,A,A+
,,,EM-III,EM,DS,S&S,NA&S,ECA-I,ECA-I,N&EM
,,,Enginee ring Mathem atics-III,Electric al Machine s,Data structur es,Signals and System s,Network analysi s and synthes,Electron ic Circuits and,Electron ic Circuits and,"Network
& EM Laborat ory"
,,,Grad,Grad,Grad,Grad,Grad,Grad,Grad,Grad
317126512145,8.48,8.85,A,A+,A,A,O,A,A+,A
317126512146,8.22,8.20,A,A,A,A+,O,B,A,O
317126512147,8.61,8.95,A+,A+,A,A,O,B+,A+,O
317126512148,8.52,8.77,A+,A+,B+,B+,O,A,A+,O
317126512149,9.17,8.92,A+,O,A+,A+,O,A,A+,O
317126512150,6.91,7.61,B+,A+,B,C,A,C,A,A+
317126512151,,,F,C,B,F,F,F,B+,B+
317126512152,8.57,8.50,A+,A+,A,A,A+,A,A+,A+
317126512153,,,F,F,F,F,F,F,F,F
317126512154,,,B,C,C,F,C,P,B,B+
317126512155,9.57,9.27,O,O,A+,A+,O,A+,O,O
317126512156,,,P,P,C,F,F,P,B,B
317126512157,8.52,8.67,A,A+,A+,B+,A+,A,A+,O
317126512158,6.48,7.18,B+,A,C,C,A,P,A,A+
,,,EM-III,EM,DS,S&S,NA&S,ECA-I,ECA-I,N&EM
,,,Enginee ring Mathem atics-III,Electric al Machine s,Data structur es,Signals and System s,Network analysi s and synthes,Electron ic Circuits and,Electron ic Circuits and,"Network
& EM Laborat ory"
,,,Grad,Grad,Grad,Grad,Grad,Grad,Grad,Grad
317126512159,6.52,6.83,B+,B+,B,C,B+,C,A,A+
317126512160,8.65,8.91,A+,A+,A,A,A+,A,A+,O
317126512161,6.26,6.79,B+,A,B+,P,B,P,A,A
317126512162,7.74,8.35,A+,A+,A,C,B+,B+,A+,A+
317126512163,,,C,F,F,F,F,F,B,B+
317126512164,6.17,,B+,B,B,B+,B,P,A,B+
317126512165,6.65,7.26,B+,B+,B+,C,B+,C,A+,A
317126512166,9.04,9.24,A+,A,A,A+,O,A+,O,O
317126512167,8.61,8.68,A+,A+,A+,A,A+,B+,A+,O
317126512168,7.96,7.98,A+,A,B+,A,A+,B,A+,A+
317126512169,,,F,F,F,F,F,F,B,A
317126512170,8.00,7.88,A,A,A,A,A,B+,A+,A+
317126512171,,,C,C,F,C,B,P,B+,B+
317126512172,9.57,9.38,A+,O,O,A+,O,A+,O,O
,,,EM-III,EM,DS,S&S,NA&S,ECA-I,ECA-I,N&EM
,,,Enginee ring Mathem atics-III,Electric al Machine s,Data structur es,Signals and System s,Network analysi s and synthes,Electron ic Circuits and,Electron ic Circuits and,"Network
& EM Laborat ory"
,,,Grad,Grad,Grad,Grad,Grad,Grad,Grad,Grad
317126512173,8.78,8.76,A+,A+,B+,A+,O,A,A+,O
317126512174,6.91,7.23,A,C,B+,B,A+,C,A,A+
317126512175,6.78,7.79,A,B+,A,B+,B,P,A,A
317126512176,8.22,8.55,A+,A,A,A,A,B+,A+,O
317126512177,5.96,6.79,C,C,A,P,C,B,A,A
317126512178,8.61,9.05,A+,A,A+,A,O,B+,A+,O
317126512179,7.70,7.67,A,A+,A,A,A,C,A,A+
317126512180,8.65,8.67,A,A,A,A+,O,A,A+,O
318126512L01,8.04,8.04,B+,A+,A,B,A+,B+,O,O
318126512L02,6.65,6.65,P,A,A,C,A,C,A,A+
318126512L03,7.52,7.52,B+,A,A,B+,A+,C,A+,A+
318126512L04,7.78,7.78,B+,A+,A+,B+,B+,B,A+,O
318126512L05,6.57,6.57,P,A,A,B+,B,P,A,O
318126512L06,6.26,6.26,B+,A,A+,P,P,P,B+,A+
,,,EM-III,EM,DS,S&S,NA&S,ECA-I,ECA-I,N&EM
,,,Enginee ring Mathem atics-III,Electric al Machine s,Data structur es,Signals and System s,Network analysi s and synthes,Electron ic Circuits and,Electron ic Circuits and,"Network
& EM Laborat ory"
,,,Grad,Grad,Grad,Grad,Grad,Grad,Grad,Grad
318126512L07,6.52,6.52,B,A,A,B,B,P,A+,B+
318126512L08,6.70,6.70,C,A,A,C,A,P,A+,A+
318126512L09,,,F,A,C,F,P,F,A,A+
318126512L10,7.78,7.78,A,A+,A+,B+,A,C,A+,A+
318126512L11,,,C,B+,B+,P,P,F,A+,A+
318126512L12,6.74,6.74,B,A,A,P,B+,C,A+,A+
318126512L13,6.13,6.13,C,B+,A,B+,P,P,A,A
318126512L14,7.22,7.22,B,A+,A+,B+,C,C,A+,O
318126512L15,6.91,6.91,B,A,A,C,A,C,A,A+
318126512L16,6.00,6.00,P,B+,A,B+,P,C,A,B
318126512L17,7.09,7.09,B+,B+,B+,A,A,C,A,A
318126512L18,8.13,8.13,A,A+,A+,B+,A,B+,A+,A+
318126512L19,8.48,8.48,A+,A+,A+,B+,A+,B+,A+,O
318126512L20,5.52,5.52,P,B,B,P,C,C,B+,A+
,,,EM-III,EM,DS,S&S,NA&S,ECA-I,ECA-I,N&EM
,,,Enginee ring Mathem atics-III,Electric al Machine s,Data structur es,Signals and System s,Network analysi s and synthes,Electron ic Circuits and,Electron ic Circuits and,"Network
& EM Laborat ory"
,,,Grad,Grad,Grad,Grad,Grad,Grad,Grad,Grad
318126512L21,6.61,6.61,B,A,A,C,B+,P,A,A+
318126512L22,,,P,C,B,F,F,F,B+,B
318126512L23,7.35,7.35,B,A,A+,B+,B+,B,A+,A
318126512L24,8.39,8.39,A+,A+,A,A,A+,B+,A+,A+
318126512L25,6.91,6.91,A,A,B+,P,A,C,A,A+
318126512L26,6.96,6.96,B+,A,B+,B,A,C,A,A
318126512L27,7.87,7.87,B+,A+,A,B+,A,B+,A+,A+
318126512L28,,,B,C,B+,P,F,B+,A,A
318126512L29,6.13,6.13,B,B+,B,P,B,C,A,A+
318126512L30,6.39,6.39,C,A,A,C,B+,P,A,A
318126512L31,,,B,C,B,P,F,P,A,A
318126512L32,7.39,7.39,P,A,A,A,A,B,A+,O
318126512L33,8.35,8.35,A,A+,A,A,A+,B+,A+,O
318126512L34,,,F,B,B,P,C,P,A,A+
,,,EM-III,EM,DS,S&S,NA&S,ECA-I,ECA-I,N&EM
,,,Enginee ring Mathem atics-III,Electric al Machine s,Data structur es,Signals and System s,Network analysi s and synthes,Electron ic Circuits and,Electron ic Circuits and,"Network
& EM Laborat ory"
,,,Grad,Grad,Grad,Grad,Grad,Grad,Grad,Grad
318126512L35,8.61,8.61,A,A+,A+,A+,A+,B+,A+,O
318126512L36,6.70,6.70,C,A,A,C,B,C,A+,O
,,,DS,DLD,DMS,CO,DC,DS LA,DE LA,PP LA
,,,Data Structur es,Digital Logic Design,Discret e Mathem atical,Comput er Organiz ation,Data Commu nication s,Data Structur es Lab,Digital Electron ics lab,Python Progra mming Lab
,,,Grad,Grad,Grad,Grad,Grad,Grad,Grad,Grad
316126511029,,,P,F,F,F,P,C,F(Ab,B
317126511001,,,B,F,F,F,C,A,B+,A+
317126511002,,,A+,C,B,F,B+,A+,O,A+
317126511003,6.56,6.88,A+,P,C,C,C,A+,A,A+
317126511004,,,A,P,C,P,P,A,F,A+
317126511005,,,B,P,P,F,P,A,B+,A
317126511006,7.12,6.74,A,B,A+,P,B,A,A+,A
317126511007,8.96,8.63,O,B+,A+,A+,B+,O,O,O
317126511008,8.64,8.97,A+,A,O,B+,B+,O,O,A+
317126511009,,,A+,C,B,P,C,A+,A,F
317126511010,,,A,P,B+,C,B+,A,B+,F
317126511011,7.88,8.06,A+,B+,A,B+,A,A+,B+,A
317126511012,,,F,F,P,F,P,B+,F,B+
317126511013,7.80,7.93,A+,B,B+,B,B+,O,A+,O
,,,DS,DLD,DMS,CO,DC,DS LA,DE LA,PP LA
,,,Data Structur es,Digital Logic Design,Discret e Mathem atical,Comput er Organiz ation,Data Commu nication s,Data Structur es Lab,Digital Electron ics lab,Python Progra mming Lab
,,,Grad,Grad,Grad,Grad,Grad,Grad,Grad,Grad
317126511014,9.04,9.04,A+,A,O,A,A+,O,O,A+
317126511015,8.96,8.69,O,B+,A+,A,A+,O,A+,O
317126511017,,,B,F,P,F,P,A+,B+,A+
317126511018,5.68,,C,P,P,C,C,A,A,A+
317126511019,,,B+,P,P,P,F,A,B+,A+
317126511020,7.28,7.38,A+,B+,B,C,B,A+,A+,A+
317126511021,5.72,,B+,P,C,P,C,B+,B+,A
317126511022,9.48,9.38,O,A,O,A+,A+,O,O,O
317126511023,6.56,,A,P,C,B,C,A+,A,A+
317126511024,8.76,8.78,A+,A+,A,A,A,A+,O,O
317126511025,7.80,7.74,A,B+,B+,B,A,O,A,O
317126511026,5.92,,B+,P,C,C,P,A,A,A
317126511027,,,A+,P,A,F,P,A+,A,A
317126511028,8.40,8.51,A+,A,A,B+,A,A+,A+,O
,,,DS,DLD,DMS,CO,DC,DS LA,DE LA,PP LA
,,,Data Structur es,Digital Logic Design,Discret e Mathem atical,Comput er Organiz ation,Data Commu nication s,Data Structur es Lab,Digital Electron ics lab,Python Progra mming Lab
,,,Grad,Grad,Grad,Grad,Grad,Grad,Grad,Grad
317126511029,8.80,8.44,A+,A,A+,A,A,O,A+,O
317126511030,9.56,9.63,O,O,O,A,A+,O,O,O
317126511031,5.96,,B+,P,B+,P,P,B,B+,A+
317126511032,7.84,8.16,A+,B,B+,B+,B+,O,A+,A+
317126511033,6.96,7.21,A+,B,A,P,P,A+,A+,A
317126511034,,,B+,F,P,F,P,B+,A,A
317126511035,,,C,F,P,P,P,B+,F,A
317126511036,7.36,7.69,A+,B,B,B+,C,O,A,A+
317126511037,8.60,8.54,A+,A+,A+,B+,B+,O,O,A+
317126511038,8.88,8.71,A+,A,A+,A,A,O,O,O
317126511039,7.56,7.32,A+,B+,B+,B,A,A,A,A
317126511040,8.44,8.24,A+,A,A,A,B+,A+,A+,O
317126511041,,,B+,F,P,F,P,A+,B,A+
317126511042,7.44,7.07,A+,C,B+,B+,B+,A+,A,A
,,,DS,DLD,DMS,CO,DC,DS LA,DE LA,PP LA
,,,Data Structur es,Digital Logic Design,Discret e Mathem atical,Comput er Organiz ation,Data Commu nication s,Data Structur es Lab,Digital Electron ics lab,Python Progra mming Lab
,,,Grad,Grad,Grad,Grad,Grad,Grad,Grad,Grad
317126511043,7.56,7.26,A+,C,A,B,B,A+,A,O
317126511044,9.04,9.12,O,A,O,B+,A,O,O,O
317126511045,9.32,8.93,O,A+,O,A,A,O,O,O
317126511046,5.80,6.12,B+,P,P,C,C,A,B+,A
317126511047,5.60,5.91,B+,P,P,P,C,A,A,B+
317126511048,,,B,F,C,P,P,A,A,A+
317126511049,7.48,7.69,B+,B,B+,B+,B+,A+,A,O
317126511050,6.48,,A,P,C,P,B,A+,A,O
317126511051,8.64,8.87,A+,A,A,A,A,O,A+,O
317126511052,7.36,7.53,A,B,B+,C,B+,O,A+,A+
317126511053,,,B,F,P,C,C,A,A,A+
317126511054,8.12,8.18,A+,B+,A,B+,B,O,A+,O
317126511055,,,B,F,P,P,P,A+,A,O
317126511056,7.64,7.75,A+,C,B+,B+,B+,O,A,A+
,,,DS,DLD,DMS,CO,DC,DS LA,DE LA,PP LA
,,,Data Structur es,Digital Logic Design,Discret e Mathem atical,Comput er Organiz ation,Data Commu nication s,Data Structur es Lab,Digital Electron ics lab,Python Progra mming Lab
,,,Grad,Grad,Grad,Grad,Grad,Grad,Grad,Grad
317126511057,7.48,7.63,A+,B,A,C,B,A+,A+,A+
317126511058,9.12,8.79,A+,A+,A+,A,A+,O,O,O
317126511059,,,P,F,A,C,P,F,B+,B
317126511060,9.12,8.75,A+,A+,A+,A+,A+,A,O,O
317126511061,,,P,P,A,B,B,F,A,A+
317126511062,9.40,9.31,A+,O,O,A,A+,O,O,O
317126511063,8.76,8.66,A+,A,A+,A+,A+,A,O,A
317126511064,7.96,8.18,A,A,A+,A,C,A+,A+,A
317126511065,9.00,8.99,A+,A+,A+,A+,A,A,O,O
317126511066,,,B+,C,A,B+,B,F,A+,A+
317126511067,,,F,F,F,F,F,F,F,F
317126511068,8.84,8.78,A+,B+,O,A,A,A+,O,O
317126511069,8.44,8.38,A,B+,A+,A,A,A+,A+,O
317126511070,,,F,F,F,F,F,F,F,F
,,,DS,DLD,DMS,CO,DC,DS LA,DE LA,PP LA
,,,Data Structur es,Digital Logic Design,Discret e Mathem atical,Comput er Organiz ation,Data Commu nication s,Data Structur es Lab,Digital Electron ics lab,Python Progra mming Lab
,,,Grad,Grad,Grad,Grad,Grad,Grad,Grad,Grad
317126511071,8.60,8.71,A+,A,O,B+,A,A,O,A+
317126511072,7.48,7.34,A,B+,A,A,B+,B,A,B+
317126511073,6.24,6.40,B,P,B,A,C,B+,B+,B+
317126511074,8.96,8.66,A+,A+,O,A+,A,A,A+,A+
317126511075,8.48,8.68,A,A+,O,A,A,B+,A,A+
317126511076,,,F,F,F,F,F,F,F,F
317126511077,7.12,6.99,A,B,A,A,C,B+,B+,B+
317126511078,8.60,8.69,A+,B+,A,A+,A,A+,A+,O
317126511079,8.04,7.60,A+,B,A+,A,B+,A,A+,A
317126511080,,,P,P,C,C,P,B+,A+,F
317126511081,8.36,7.99,A+,A,A+,B+,A,A,A+,A+
317126511082,8.52,8.38,A,A,O,B+,B+,A+,O,O
317126511083,7.80,7.99,A+,A,A,B+,B+,B,A+,A
317126511084,8.88,8.75,A+,A+,A+,A+,A,A+,A+,A+
,,,DS,DLD,DMS,CO,DC,DS LA,DE LA,PP LA
,,,Data Structur es,Digital Logic Design,Discret e Mathem atical,Comput er Organiz ation,Data Commu nication s,Data Structur es Lab,Digital Electron ics lab,Python Progra mming Lab
,,,Grad,Grad,Grad,Grad,Grad,Grad,Grad,Grad
317126511085,6.96,,A,C,B+,B,B,A,B+,A+
317126511086,8.40,8.41,A+,A,A+,A,B+,B+,O,A+
317126511087,6.92,,A,P,A,B+,P,B+,A,A+
317126511088,9.20,9.12,A+,A+,O,A,A+,A+,O,O
317126511089,,,P,F,C,P,F,B,F,F
317126511090,8.04,7.46,A,A,A+,A,B+,B+,A+,A
317126511091,8.48,8.26,A,A,A+,A,A,B+,O,O
317126511092,8.32,8.43,A+,A,A,B+,A+,A+,A,A+
317126511093,7.64,7.72,A,B+,A+,B+,B,B+,A+,A
317126511094,8.24,8.29,A,B,A+,A,A,A,A+,O
317126511095,8.24,8.25,A+,B+,A+,B,B+,A+,O,O
317126511096,8.28,7.88,A,B+,A,A,A+,A,O,A+
317126511097,7.80,7.06,A+,C,A+,B+,B+,A,A,A+
317126511098,8.28,7.69,A+,A,A,A,A,B+,A+,A+
,,,DS,DLD,DMS,CO,DC,DS LA,DE LA,PP LA
,,,Data Structur es,Digital Logic Design,Discret e Mathem atical,Comput er Organiz ation,Data Commu nication s,Data Structur es Lab,Digital Electron ics lab,Python Progra mming Lab
,,,Grad,Grad,Grad,Grad,Grad,Grad,Grad,Grad
317126511099,6.92,,B+,B,B+,B+,B+,B+,B,A
317126511100,,,B+,C,B+,F,B,B+,A,A
317126511101,7.36,8.00,B+,B+,A,B+,B+,B+,A,A
317126511102,5.80,5.74,B,P,B+,C,P,B+,B+,B+
317126511103,,,C,F,C,B,P,B+,A,A
317126511104,8.00,7.99,A+,B,A+,B+,B+,B+,O,A+
317126511105,,,F,F,F,F,F,A,F,B
317126511106,7.76,7.78,A,B,A,B+,B+,A+,A+,A+
317126511107,,,P,F,P,F,P,F,C,B+
317126511108,9.36,9.12,O,A+,O,A+,A+,A,A+,O
317126511109,6.68,,B+,P,B+,A,B,B+,B+,B+
317126511110,7.76,7.60,A+,B+,A+,B+,B,A,A+,B+
317126511111,9.60,9.43,O,A+,O,A+,A+,O,O,O
317126511112,8.44,8.22,O,B+,A,A,B+,O,A+,A+
,,,DS,DLD,DMS,CO,DC,DS LA,DE LA,PP LA
,,,Data Structur es,Digital Logic Design,Discret e Mathem atical,Comput er Organiz ation,Data Commu nication s,Data Structur es Lab,Digital Electron ics lab,Python Progra mming Lab
,,,Grad,Grad,Grad,Grad,Grad,Grad,Grad,Grad
317126511113,5.88,6.63,B+,P,B+,P,P,B+,A,B+
317126511114,7.96,7.66,A,B+,A,B+,B+,A+,O,A+
317126511115,7.36,7.13,A+,B,B+,B+,B+,A,C,A+
317126511116,8.84,8.57,A+,B+,A+,A+,A,O,A+,O
317126511117,7.56,6.82,B+,B,A,A,B+,A,A+,A
317126511118,8.56,8.29,A,A,A+,A,A,A+,A+,O
317126511119,,,P,F,P,F,P,C,F,F
317126511120,8.08,7.85,A,B,A+,A,B+,A+,A+,A+
317126511121,9.00,8.40,A+,A,A+,A+,A+,A+,A+,O
317126511122,,,B+,F,B,F,P,A+,A,B+
317126511123,8.48,7.99,A+,B+,A+,A,A,A+,A+,A+
317126511124,8.92,8.56,A+,A+,A+,A,A,A+,O,O
317126511125,8.52,8.29,A+,B+,A,A,A,O,A+,O
317126511126,8.16,8.13,A,B+,B+,A+,A,A+,A+,A+
,,,DS,DLD,DMS,CO,DC,DS LA,DE LA,PP LA
,,,Data Structur es,Digital Logic Design,Discret e Mathem atical,Comput er Organiz ation,Data Commu nication s,Data Structur es Lab,Digital Electron ics lab,Python Progra mming Lab
,,,Grad,Grad,Grad,Grad,Grad,Grad,Grad,Grad
317126511127,8.80,8.99,A+,B+,O,A,B+,O,O,O
317126511128,7.72,7.56,A,B+,B+,B+,B+,A+,A+,A+
317126511129,6.96,6.74,B+,B,B+,B,B,A+,A,A
317126511130,6.64,7.32,A+,P,A,C,B+,B+,C,B+
317126511131,5.20,,B+,P,C,P,P,B+,C,B
317126511132,7.32,7.26,A,P,B+,B,B+,A+,A+,O
317126511133,8.00,7.99,A,B+,A,B+,B+,A+,A+,O
317126511134,8.64,8.46,O,A,A+,B+,B+,O,O,A+
317126511135,9.60,9.41,O,A+,O,A+,A+,O,O,O
317126511136,,,F,F,F,F,F,C,F,F
317126511137,8.60,8.54,A+,A,O,B+,B+,A+,A+,O
317126511138,8.08,8.03,A+,B+,A,B,B+,A+,O,O
317126511140,7.32,7.28,A+,B,B+,C,B,A+,A+,A+
317126511141,9.16,9.13,A+,A,A+,A+,A+,O,O,O
,,,DS,DLD,DMS,CO,DC,DS LA,DE LA,PP LA
,,,Data Structur es,Digital Logic Design,Discret e Mathem atical,Comput er Organiz ation,Data Commu nication s,Data Structur es Lab,Digital Electron ics lab,Python Progra mming Lab
,,,Grad,Grad,Grad,Grad,Grad,Grad,Grad,Grad
317126511142,,,F,F,F,F,F,B,F,B
317126511143,8.88,8.56,O,A+,A+,A,A,A+,A+,A+
317126511144,,,B,C,F,F,P,A+,O,B+
317126511145,,,F,F,F,F,F,C,F,F
317126511146,7.48,7.85,A,B+,A,C,B+,A+,A,A+
317126511147,8.44,8.56,A+,A,A,A,A,A+,A+,A+
317126511148,,,F,F,F,F,F,B+,C,F
317126511149,,,F,F,F,F,F,B,F,B
317126511150,8.96,8.68,A,A,O,A+,A+,A+,O,A+
317126511151,7.44,7.26,A,P,A,B+,B+,A+,A,A+
317126511152,8.20,8.13,A,A,A+,B,B+,O,A+,O
317126511153,8.96,8.40,O,A,A+,A,A,O,A+,O
317126511154,9.16,8.72,A+,A,O,A+,A+,A+,A+,O
317126511155,,,B+,F,P,F,P,A+,C,A
,,,DS,DLD,DMS,CO,DC,DS LA,DE LA,PP LA
,,,Data Structur es,Digital Logic Design,Discret e Mathem atical,Comput er Organiz ation,Data Commu nication s,Data Structur es Lab,Digital Electron ics lab,Python Progra mming Lab
,,,Grad,Grad,Grad,Grad,Grad,Grad,Grad,Grad
317126511156,7.88,7.94,A,B+,A,B+,B+,A+,A+,A+
317126511157,8.24,8.09,A,B+,A+,B+,B+,O,A+,O
317126511158,,,C,F,F,F,P,B+,F,B+
317126511159,,,B,F,P,F,F,B,C,B
317126511160,8.80,8.66,A+,A,A+,A,A,A+,O,O
317126511161,8.64,8.53,O,B+,A+,A,A,A+,A+,A+
317126511162,7.92,7.66,A,B+,A,B+,A,A+,A,A+
317126511163,,,F,F,F,F,F,C,F,B
317126511164,8.72,8.65,A+,A,A+,A,A+,A+,A+,A+
317126511165,9.16,8.97,A+,A+,O,A,A,O,O,O
317126511166,,,C,F,P,F,P,C,F,F
317126511167,,,C,F,F,F,P,C,C,B+
317126511168,8.52,8.06,A+,B+,O,B+,B+,O,O,A+
317126511169,9.44,8.81,O,A+,O,A,A+,O,O,O
,,,DS,DLD,DMS,CO,DC,DS LA,DE LA,PP LA
,,,Data Structur es,Digital Logic Design,Discret e Mathem atical,Comput er Organiz ation,Data Commu nication s,Data Structur es Lab,Digital Electron ics lab,Python Progra mming Lab
,,,Grad,Grad,Grad,Grad,Grad,Grad,Grad,Grad
317126511170,7.76,7.60,A+,C,A,B+,B,O,A+,A+
,,,EM-III,MS&M,EM,MOS,ETD-I,MFT-I,SOM L,ME LA
,,,Enginee ring Mathem atics,Material Science and Metallur,Enginee ring Mechani cs,Mechani cs of Solids,Enginee ring Thermo dynami,Manufac turing Technol ogy-I,Strength of Material s Lab,Mechani cal Enginee ring
,,,Grad,Grad,Grad,Grad,Grad,Grad,Grad,Grad
316126520167,,,F(Ab,F(Ab,F(Ab,F(Ab,F(Ab,F(Ab,B+,A
316126520199,,,F,F,F,F,F,F,F,B+
317126520001,,,F,B+,F,F,F,F,C,A
317126520002,9.00,9.16,A+,A,A+,A,A+,O,O,O
317126520003,6.16,6.99,B+,B+,B+,P,B,P,A+,B+
317126520004,,,A,C,B+,F,B,P,A+,A+
317126520005,7.48,7.72,A,A+,A,P,B+,A,A+,A+
317126520006,7.32,7.96,B+,B+,A,C,A,B+,A+,A+
317126520007,8.40,8.41,A+,A,A+,A,A,B+,O,A+
317126520008,,,B,A,B,F,B+,F,A,A+
317126520009,,,C,B+,P,F,C,F,A,A+
317126520010,6.56,7.15,A,B+,B+,P,B+,C,A,A
317126520011,7.80,7.99,A,B+,A,B,A,A,A+,O
317126520012,8.16,8.60,A,A,A+,B+,A,A,A+,A+
,,,EM-III,MS&M,EM,MOS,ETD-I,MFT-I,SOM L,ME LA
,,,Enginee ring Mathem atics,Material Science and Metallur,Enginee ring Mechani cs,Mechani cs of Solids,Enginee ring Thermo dynami,Manufac turing Technol ogy-I,Strength of Material s Lab,Mechani cal Enginee ring
,,,Grad,Grad,Grad,Grad,Grad,Grad,Grad,Grad
317126520013,9.28,9.19,A+,A+,A+,A,O,O,O,O
317126520014,7.72,8.00,A,B+,A,B+,A,B,A+,O
317126520015,,,B,B+,A,P,B,F,A,A
317126520016,8.04,8.44,A,A+,A,B+,A+,B,A+,A+
317126520017,,,B+,B+,B,F,C,P,B+,A
317126520018,,,P,F,F,F,P,F,A,A+
317126520019,6.84,6.93,B+,B+,B,C,B+,B+,A+,A+
317126520020,,,F,B+,C,F,B,C,A,O
317126520021,,,B+,B,B+,F,B+,C,B+,A+
317126520022,8.88,9.09,O,A,A+,A,A+,A,O,O
317126520023,9.20,9.37,O,A,O,A+,A+,A,O,O
317126520024,8.88,9.15,O,A,A+,A,A+,A,O,O
317126520025,,,P,C,B,F,P,B,B+,A
317126520026,7.36,7.85,A+,B+,A,C,B+,B,O,A+
,,,EM-III,MS&M,EM,MOS,ETD-I,MFT-I,SOM L,ME LA
,,,Enginee ring Mathem atics,Material Science and Metallur,Enginee ring Mechani cs,Mechani cs of Solids,Enginee ring Thermo dynami,Manufac turing Technol ogy-I,Strength of Material s Lab,Mechani cal Enginee ring
,,,Grad,Grad,Grad,Grad,Grad,Grad,Grad,Grad
317126520027,6.96,7.50,A,B+,B+,P,B+,B+,A+,A+
317126520028,7.44,7.72,A+,B+,A,B,B+,B,A+,A+
317126520029,,,C,B,P,F,F,P,B+,A+
317126520031,9.08,9.19,A+,A,O,A+,A+,A,O,O
317126520032,,,B+,C,B+,F,B,P,A,A+
317126520033,6.20,7.54,B+,B,B+,P,C,B,A,A+
317126520034,7.56,7.94,A+,B+,A,B,B+,B+,A+,A+
317126520035,,,F,B,P,F,F,F,B+,A
317126520036,6.16,6.76,A,B,B+,P,B,P,A,A
317126520037,,,F,F,F,F,F,F,A,B+
317126520038,8.20,8.57,A,A,A+,B+,A,B+,O,O
317126520039,6.52,7.28,B,A,B,P,B,B+,A+,A+
317126520040,8.32,8.31,A+,B+,A+,B,A+,A,O,O
317126520041,6.32,6.56,P,A,B+,P,B,B,A+,A+
,,,EM-III,MS&M,EM,MOS,ETD-I,MFT-I,SOM L,ME LA
,,,Enginee ring Mathem atics,Material Science and Metallur,Enginee ring Mechani cs,Mechani cs of Solids,Enginee ring Thermo dynami,Manufac turing Technol ogy-I,Strength of Material s Lab,Mechani cal Enginee ring
,,,Grad,Grad,Grad,Grad,Grad,Grad,Grad,Grad
317126520042,7.44,7.59,A,B+,A,C,A+,B+,A,A
317126520043,,,B+,B,C,F,C,P,A,A
317126520044,7.96,8.44,A+,B+,A+,B+,A,C,O,O
317126520045,,,C,C,P,P,C,F,A,A+
317126520047,7.16,7.57,B+,B+,A,P,A,B+,A+,A+
317126520048,6.28,6.62,B+,B+,B,P,B+,C,A,A
317126520049,,,B+,C,C,P,B+,F,A+,A+
317126520050,6.64,6.88,B+,A,B,C,C,B+,A+,A+
317126520051,9.04,9.07,A+,A+,A+,A+,A+,A,O,O
317126520052,6.20,7.38,B,B,B+,P,B,C,A+,A+
317126520053,,,B+,F,B,F,B,P,A,A+
317126520054,6.80,7.69,C,B+,B+,B,B+,B,A+,A+
317126520055,9.08,8.96,A+,A,O,A+,A+,A,O,O
317126520056,,,C,C,F,F,B,P,B+,A+
,,,EM-III,MS&M,EM,MOS,ETD-I,MFT-I,SOM L,ME LA
,,,Enginee ring Mathem atics,Material Science and Metallur,Enginee ring Mechani cs,Mechani cs of Solids,Enginee ring Thermo dynami,Manufac turing Technol ogy-I,Strength of Material s Lab,Mechani cal Enginee ring
,,,Grad,Grad,Grad,Grad,Grad,Grad,Grad,Grad
317126520057,8.84,8.82,O,A,O,A,A+,B+,A+,O
317126520058,6.28,7.22,B,B,B,P,B,B+,A+,A+
317126520059,8.72,8.75,A+,A,O,A,A+,B+,A+,O
317126520060,,,F,F,F,F,F,F,A,A
317126520061,,,F,P,F,F,P,F,A+,B
317126520062,,,F,P,P,F,P,P,A+,B+
317126520063,,,F,P,F,F,F,F,A,B+
317126520064,,,F,F,F,F,F,F,A,B
317126520066,,,F,C,C,F,P,P,A+,A
317126520067,,,F,F,F,F,F,F,A+,A+
317126520068,6.88,7.65,B+,A,A,B,B,C,A+,B+
317126520069,,,F,P,P,F,F,F,A+,A
317126520070,,,B+,P,B,F,P,P,A+,A
317126520071,,,P,P,B,F,C,P,A+,B
,,,EM-III,MS&M,EM,MOS,ETD-I,MFT-I,SOM L,ME LA
,,,Enginee ring Mathem atics,Material Science and Metallur,Enginee ring Mechani cs,Mechani cs of Solids,Enginee ring Thermo dynami,Manufac turing Technol ogy-I,Strength of Material s Lab,Mechani cal Enginee ring
,,,Grad,Grad,Grad,Grad,Grad,Grad,Grad,Grad
317126520072,,,F,F,P,F,F,F,A+,B
317126520073,7.84,8.35,A+,B+,A+,B,A,B,O,A+
317126520074,8.36,8.60,A+,A,A,B+,A+,A,O,A+
317126520075,8.24,8.57,A+,A,A,A,A,B+,O,A+
317126520076,6.52,7.12,B+,B,A,C,B,P,O,A
317126520077,,,C,C,P,F,C,P,A+,B+
317126520078,,,C,P,C,F,C,P,A+,B+
317126520079,6.96,7.62,A,B+,B,C,B+,B+,O,A
317126520080,,,P,P,C,C,F,F,A+,A
317126520081,6.44,6.65,A,C,B+,B+,C,P,A+,A
317126520082,8.68,9.00,O,A,O,A+,A,C,O,O
317126520083,,,P,P,P,F,P,P,A+,A
317126520084,,,F,F,F,F,F,F,A,B+
317126520085,5.44,6.71,B,C,C,C,P,C,A+,B+
,,,EM-III,MS&M,EM,MOS,ETD-I,MFT-I,SOM L,ME LA
,,,Enginee ring Mathem atics,Material Science and Metallur,Enginee ring Mechani cs,Mechani cs of Solids,Enginee ring Thermo dynami,Manufac turing Technol ogy-I,Strength of Material s Lab,Mechani cal Enginee ring
,,,Grad,Grad,Grad,Grad,Grad,Grad,Grad,Grad
317126520086,7.76,8.31,A,B,A+,B+,A,B,O,A+
317126520087,7.96,8.44,A,A,B+,A,A+,C,O,O
317126520088,,,B,C,C,F,P,P,A+,B+
317126520089,,,B,B+,A,F,B+,P,O,A
317126520090,,,F,P,C,C,C,P,O,A
317126520091,,,F,F,F,F,P,F,A,A
317126520092,,,F,P,P,F,P,P,A+,B+
317126520093,,,F,P,F,F,P,F,A+,A
317126520094,7.16,7.91,C,B+,B+,B+,B+,B+,O,A+
317126520095,7.64,8.43,A,B+,A,B+,A,B,A+,A+
317126520096,,,F,F,F,F,F,F,A+,A
317126520097,,,P,F,F,F,F,F,A+,A
317126520098,,,C,P,C,C,C,F,A+,A
317126520099,,,F,P,P,F,F,F,A+,A
,,,EM-III,MS&M,EM,MOS,ETD-I,MFT-I,SOM L,ME LA
,,,Enginee ring Mathem atics,Material Science and Metallur,Enginee ring Mechani cs,Mechani cs of Solids,Enginee ring Thermo dynami,Manufac turing Technol ogy-I,Strength of Material s Lab,Mechani cal Enginee ring
,,,Grad,Grad,Grad,Grad,Grad,Grad,Grad,Grad
317126520100,8.48,8.22,A+,B+,A+,B+,A+,A,O,O
317126520101,7.24,7.01,C,B,A+,C,B+,A,O,O
317126520102,,,F,P,C,F,P,P,A+,A
317126520103,6.68,7.66,B,B+,A,C,B,B,A+,A
317126520104,8.36,8.82,A,A+,A,B+,A+,A,O,A+
317126520105,8.72,8.94,O,A,A+,B+,A+,A,O,O
317126520106,6.92,7.71,B,B+,B,B,B+,B,O,O
317126520107,8.92,9.09,A+,A,O,A,A+,A,O,O
317126520108,,,F,P,P,F,P,F,A+,C
317126520109,5.20,6.12,P,P,C,C,C,P,A+,A
317126520110,5.92,6.72,B,P,B+,C,B,P,A+,A
317126520111,7.52,8.01,A+,B+,A,B+,B+,P,O,O
317126520112,7.28,8.09,A,B+,A,B+,B,C,O,A+
317126520113,5.80,6.59,B+,C,B,C,P,C,A+,A
,,,EM-III,MS&M,EM,MOS,ETD-I,MFT-I,SOM L,ME LA
,,,Enginee ring Mathem atics,Material Science and Metallur,Enginee ring Mechani cs,Mechani cs of Solids,Enginee ring Thermo dynami,Manufac turing Technol ogy-I,Strength of Material s Lab,Mechani cal Enginee ring
,,,Grad,Grad,Grad,Grad,Grad,Grad,Grad,Grad
317126520114,7.24,7.56,B+,B+,A+,B+,B,C,O,A
317126520115,6.96,7.71,A,C,A,B+,B,C,O,A
317126520116,,,C,P,P,F,P,F,O,A
317126520117,6.00,7.12,B,P,B+,C,C,B,A+,A
317126520118,,,P,F,B+,B,C,F,A+,A
317126520119,7.68,8.34,B+,C,A+,B+,B+,A,O,O
317126520120,8.44,9.07,O,B+,A+,B+,A,A,O,O
317126520121,,,C,C,P,F,C,C,A,A
317126520122,8.12,8.40,A,B+,A+,B+,A,A,A+,O
317126520123,,,F,F,P,F,F,F,B,A
317126520124,,,F,C,P,F,F,F,A+,A+
317126520125,8.08,8.24,A,A,A,A,B+,A,O,A+
317126520126,,,F,F,B+,F,P,P,A+,A
317126520127,7.16,7.79,A+,B,A+,C,B,B,A+,A+
,,,EM-III,MS&M,EM,MOS,ETD-I,MFT-I,SOM L,ME LA
,,,Enginee ring Mathem atics,Material Science and Metallur,Enginee ring Mechani cs,Mechani cs of Solids,Enginee ring Thermo dynami,Manufac turing Technol ogy-I,Strength of Material s Lab,Mechani cal Enginee ring
,,,Grad,Grad,Grad,Grad,Grad,Grad,Grad,Grad
317126520128,6.12,6.60,C,B,B+,C,C,B,A,A+
317126520129,7.92,8.21,A,B+,A+,B,B+,A+,O,A+
317126520130,,,A,B,B+,C,C,F,O,A+
317126520131,,,B,F,B+,C,P,F,A,A+
317126520132,,,F,F,F,F,F,P,A,B
317126520135,8.52,8.81,A+,B+,A+,A+,A,B+,O,O
317126520136,6.16,7.21,B+,B,C,P,C,B+,O,A+
317126520137,,,F(Ab,F,P,F(Ab,P,F(Ab,A+,A+
317126520138,7.84,8.12,A,B+,A+,B,A,B+,O,A+
317126520139,7.00,7.50,B+,A,B+,C,B,B,O,O
317126520140,6.56,7.29,B+,C,B+,C,B,B,O,A+
317126520141,7.64,7.97,B+,B+,A,B,A,B+,O,O
317126520142,,,P,C,P,F,C,F,A,A+
317126520143,,,C,B,B+,F,P,F,A+,A+
,,,EM-III,MS&M,EM,MOS,ETD-I,MFT-I,SOM L,ME LA
,,,Enginee ring Mathem atics,Material Science and Metallur,Enginee ring Mechani cs,Mechani cs of Solids,Enginee ring Thermo dynami,Manufac turing Technol ogy-I,Strength of Material s Lab,Mechani cal Enginee ring
,,,Grad,Grad,Grad,Grad,Grad,Grad,Grad,Grad
317126520144,,,F,P,F,F,F,F,B+,A
317126520145,,,F,F,F,F,F,F,A,A
317126520146,6.24,7.01,C,B,B+,C,B,C,A+,A+
317126520147,,,B+,B,B+,F,B,B+,A+,A+
317126520148,8.68,8.41,A+,A+,A+,B+,A,A+,O,O
317126520149,,,P,F,P,F,F,F,A,A
317126520150,,,F,F,F,F,F,C,A,A
317126520151,7.08,7.07,A,B+,B+,C,B+,B,A+,O
317126520152,,,F,F,F,F,F,F,A,A+
317126520153,,,P,B,P,F,F,F,A+,A+
317126520154,,,F,F,F,F,F,C,B+,A
317126520155,7.72,8.18,A+,B,A,B,A,A,A+,A+
317126520156,,,B+,F,A,F,C,C,B,A
317126520157,6.28,6.79,A,B+,B,P,B+,P,A,A
,,,EM-III,MS&M,EM,MOS,ETD-I,MFT-I,SOM L,ME LA
,,,Enginee ring Mathem atics,Material Science and Metallur,Enginee ring Mechani cs,Mechani cs of Solids,Enginee ring Thermo dynami,Manufac turing Technol ogy-I,Strength of Material s Lab,Mechani cal Enginee ring
,,,Grad,Grad,Grad,Grad,Grad,Grad,Grad,Grad
317126520158,8.72,8.81,A+,A,A+,A+,B+,A+,O,O
317126520159,,,F,F,P,F,P,F,B+,A
317126520160,6.64,6.41,B,B,A,C,B,B,A+,A+
317126520161,,,F,F,P,F,P,F,C,B
317126520162,,,F,B,C,F,P,P,A+,A
317126520163,,,F,F,F,F,F,F,A,A
317126520164,,,F,F,F,F,F,F,C,B
317126520165,8.04,8.18,A,A+,A,B+,B+,A,O,A+
317126520166,7.48,7.62,B+,A+,A,B,B+,B+,A+,A
317126520167,8.08,7.87,B+,A+,A,B+,A,A,O,A+
317126520168,,,B,B+,B+,F,C,P,B+,A+
317126520169,,,F,B,F,P,P,F,B+,B
317126520170,,,F,F,F,F,F,F,A,A
317126520171,,,A,B,B,F,P,P,A,A
,,,EM-III,MS&M,EM,MOS,ETD-I,MFT-I,SOM L,ME LA
,,,Enginee ring Mathem atics,Material Science and Metallur,Enginee ring Mechani cs,Mechani cs of Solids,Enginee ring Thermo dynami,Manufac turing Technol ogy-I,Strength of Material s Lab,Mechani cal Enginee ring
,,,Grad,Grad,Grad,Grad,Grad,Grad,Grad,Grad
317126520172,7.20,7.57,B+,B,A,B+,B,B+,A+,A+
317126520173,8.72,8.65,A+,A,A+,A,A,A+,O,O
317126520174,7.04,7.26,B,A+,B+,C,B+,B+,A+,A
317126520175,,,F,F,F,F(Ab,F,F(Ab,C,C
317126520176,7.12,7.56,A,B+,A+,B,B,C,A+,A
317126520177,7.28,7.62,B+,B+,A,B,B+,B,O,A+
317126520178,,,F,F,F,F,F,F,B+,A
317126520179,,,C,F,P,F,P,P,B+,A
317126520180,8.48,8.99,A+,A,O,A,A+,C,A+,O
317126520181,,,F,F,P,F,C,F,B+,A+
317126520182,,,C,C,C,P,B+,F,B+,A+
317126520183,7.40,8.01,A+,A,A+,B,A,P,C,O
317126520184,7.68,8.29,A+,B+,A+,A,B+,P,A+,A+
317126520185,,,P,B,B+,F,C,F,A,A+
,,,EM-III,MS&M,EM,MOS,ETD-I,MFT-I,SOM L,ME LA
,,,Enginee ring Mathem atics,Material Science and Metallur,Enginee ring Mechani cs,Mechani cs of Solids,Enginee ring Thermo dynami,Manufac turing Technol ogy-I,Strength of Material s Lab,Mechani cal Enginee ring
,,,Grad,Grad,Grad,Grad,Grad,Grad,Grad,Grad
317126520186,,,C,P,B+,P,C,F,A,A+
317126520187,7.64,8.63,B,B+,A,A,B+,A,A+,A+
317126520188,6.80,7.43,A,B+,A,P,B+,C,A,A+
317126520189,,,F,F(Ab,F(Ab,F,F(Ab,F,B+,A+
317126520190,,,C,B+,C,F,B+,C,B+,A+
317126520191,8.68,9.06,O,A,A+,A,A+,B+,A+,O
317126520192,6.28,7.32,C,B,B+,C,B,B,A,A+
317126520193,8.84,9.03,A+,A,O,A+,A,A,O,A+
317126520194,7.56,8.13,B,B+,A+,B+,B+,A,A,A+
317126520195,9.48,9.57,A+,O,O,A+,O,A,O,O
317126520196,6.16,7.10,C,B+,B+,P,B+,P,B+,O
317126520197,8.16,8.74,A+,A+,A+,B+,B+,A,B+,O
317126520198,5.80,6.91,C,B,B+,P,B,P,B+,A+
317126520199,6.72,7.81,B+,B,A,C,B+,C,A,A+
,,,EM-III,MS&M,EM,MOS,ETD-I,MFT-I,SOM L,ME LA
,,,Enginee ring Mathem atics,Material Science and Metallur,Enginee ring Mechani cs,Mechani cs of Solids,Enginee ring Thermo dynami,Manufac turing Technol ogy-I,Strength of Material s Lab,Mechani cal Enginee ring
,,,Grad,Grad,Grad,Grad,Grad,Grad,Grad,Grad
317126520200,,,F,F,F,F,F,F,B+,A+
317126520201,,,F,F,P,F,F,F,B+,A
317126520202,8.68,8.79,A+,A,A+,A+,A,A,A+,O
317126520203,6.88,7.38,B+,C,A+,P,A+,P,A,O
317126520204,7.28,8.26,A+,B+,A+,B,B+,P,A,A+
317126520205,7.04,7.49,A,B+,B+,B,B+,C,A,O
317126520206,,,F,F,F,F,F,F,B+,A+
317126520207,6.44,7.69,B+,B,A,P,B+,P,A,A+
317126520208,,,A,C,B+,F,B+,F,A,A+
317126520209,6.24,6.84,B+,B+,B+,P,B,P,A,A+
317126520210,,,B,C,B,F,P,P,B+,A
317126520211,6.36,7.00,B+,B,A,C,B,P,B+,A+
317126520212,,,F,C,P,F,F,F,B,A
317126520213,,,B+,A,A+,C,B+,F,B+,O
,,,EM-III,MS&M,EM,MOS,ETD-I,MFT-I,SOM L,ME LA
,,,Enginee ring Mathem atics,Material Science and Metallur,Enginee ring Mechani cs,Mechani cs of Solids,Enginee ring Thermo dynami,Manufac turing Technol ogy-I,Strength of Material s Lab,Mechani cal Enginee ring
,,,Grad,Grad,Grad,Grad,Grad,Grad,Grad,Grad
317126520214,7.28,7.81,B,A,A+,B,B,B,A+,O
317126520215,,,F,F,P,F,F,P,B+,A+
317126520216,,,C,B+,B+,P,C,F,F,A+
317126520217,,,P,C,P,F,C,P,B+,A+
317126520218,,,F,B+,P,F,F,F,F,A
317126520219,,,B+,B+,C,P,C,C,F,A+
317126520220,7.44,8.57,A+,A,A+,P,B+,B+,A,A+
317126520221,,,P,C,C,F,C,P,B,A+
317126520222,,,A,B+,A+,F,B,P,B+,A+
317126520223,6.56,7.44,B+,B+,B+,P,B+,B,B+,A+
317126520224,8.16,8.71,A+,A,A+,B+,A+,C,A+,O
317126520225,,,F,F,F,F,F,F,A,A+
317126520226,6.68,7.07,C,B+,A,C,B+,B+,C,O
317126520227,6.96,7.65,B,A+,A,P,A,C,A,A+
,,,EM-III,MS&M,EM,MOS,ETD-I,MFT-I,SOM L,ME LA
,,,Enginee ring Mathem atics,Material Science and Metallur,Enginee ring Mechani cs,Mechani cs of Solids,Enginee ring Thermo dynami,Manufac turing Technol ogy-I,Strength of Material s Lab,Mechani cal Enginee ring
,,,Grad,Grad,Grad,Grad,Grad,Grad,Grad,Grad
317126520228,,,F,F,F,F,F,F,B+,A
317126520229,8.00,8.31,B+,A,A+,B+,A+,B+,A,A+
317126520230,8.12,8.47,A+,B+,A+,A,B+,B+,A+,O
317126520231,6.08,7.03,B,B,C,P,B+,B,A,A+
317126520232,,,F,F(Ab,F(Ab,F(Ab,F(Ab,F(Ab,F,B
318126520L01,8.92,8.92,A,A+,A+,A+,A+,A,O,O
318126520L02,7.84,7.84,B,A,B+,B+,A+,A,A+,O
318126520L03,8.80,8.80,A,A,O,A,A+,A,O,O
318126520L04,8.80,8.80,A+,B+,A+,A+,A+,A,O,O
318126520L05,7.52,7.52,B,B+,A+,B+,B+,B+,A+,A+
318126520L06,8.60,8.60,A,A+,A+,A,A+,A,A+,A+
318126520L07,7.32,7.32,B+,B+,A,B,B+,B+,A+,A+
318126520L08,7.32,7.32,B,A,B+,A,B+,C,O,A+
318126520L09,9.12,9.12,A,A,O,A+,O,A,O,O
,,,EM-III,MS&M,EM,MOS,ETD-I,MFT-I,SOM L,ME LA
,,,Enginee ring Mathem atics,Material Science and Metallur,Enginee ring Mechani cs,Mechani cs of Solids,Enginee ring Thermo dynami,Manufac turing Technol ogy-I,Strength of Material s Lab,Mechani cal Enginee ring
,,,Grad,Grad,Grad,Grad,Grad,Grad,Grad,Grad
318126520L10,8.84,8.84,A+,A+,A+,B+,A+,A+,O,O
318126520L11,9.32,9.32,A+,A+,O,A+,A+,A+,O,O
318126520L12,8.04,8.04,B+,A,A+,B+,A+,B,A+,O
318126520L13,6.48,6.48,P,B+,B,B,B+,C,O,A+
318126520L14,,,F,B+,P,C,B,F,O,O
318126520L15,7.28,7.28,C,A,B+,B,A,B+,O,A+
318126520L16,7.88,7.88,B,A,A+,B+,A,B+,O,A+
318126520L17,,,F,P,F,F,F,F,A+,A+
318126520L18,,,F,C,B+,P,P,F,A+,A
318126520L19,9.20,9.20,A+,A,O,A+,A+,A+,O,O
318126520L20,6.40,6.40,C,B,B,B,C,B+,O,A+
318126520L21,,,P,P,P,F,F,F,A+,A
318126520L22,,,F,C,B,P,P,C,A+,A+
318126520L23,5.72,5.72,P,C,B,B,C,P,A+,A+
,,,EM-III,MS&M,EM,MOS,ETD-I,MFT-I,SOM L,ME LA
,,,Enginee ring Mathem atics,Material Science and Metallur,Enginee ring Mechani cs,Mechani cs of Solids,Enginee ring Thermo dynami,Manufac turing Technol ogy-I,Strength of Material s Lab,Mechani cal Enginee ring
,,,Grad,Grad,Grad,Grad,Grad,Grad,Grad,Grad
318126520L24,8.08,8.08,B+,B+,A+,B+,A,A,O,O
318126520L25,8.36,8.36,B+,A+,A+,B+,A+,B+,O,O
318126520L26,,,F,B+,B,F,C,C,O,A
318126520L27,6.76,6.76,B+,B,B+,B,B,B,O,A
318126520L28,7.88,7.88,B+,B+,A+,B+,A,B+,O,A+
318126520L29,8.84,8.84,A,O,A+,A,A,A+,O,O
318126520L30,6.88,6.88,P,A,B+,C,A,B,O,A+
318126520L31,7.12,7.12,B+,B,A+,B,C,B+,O,A+
318126520L32,8.60,8.60,A,A,O,B+,A,A+,O,O
318126520L33,6.56,6.56,B,B+,B+,C,B,C,O,A+
318126520L34,7.96,7.96,A,A,A+,B,A,B+,O,A+
318126520L35,,,P,B+,C,F,B,C,O,A+
318126520L36,8.20,8.20,A,A+,A+,B,A,A,O,A+
318126520L37,8.36,8.36,B+,A,A+,A,A+,A,A+,A+
,,,EM-III,MS&M,EM,MOS,ETD-I,MFT-I,SOM L,ME LA
,,,Enginee ring Mathem atics,Material Science and Metallur,Enginee ring Mechani cs,Mechani cs of Solids,Enginee ring Thermo dynami,Manufac turing Technol ogy-I,Strength of Material s Lab,Mechani cal Enginee ring
,,,Grad,Grad,Grad,Grad,Grad,Grad,Grad,Grad
318126520L38,,,F,B+,B+,P,C,P,A+,A
318126520L39,8.48,8.48,A,A+,O,B+,A+,B+,A+,A+
318126520L40,,,P,B+,B,F,P,P,A+,A
318126520L41,7.76,7.76,B+,A+,A,C,A,A,A+,O
318126520L42,,,F,C,C,F,C,F,A,A+
318126520L43,6.68,6.68,B,B+,B+,P,A,B,A,A+
318126520L44,,,F,B+,C,P,B,P,A+,A+
318126520L45,6.80,6.80,B,A,B+,B,B+,P,A+,A+
318126520L46,7.68,7.68,B+,A,A,B,A,B+,A+,O
318126520L47,7.44,7.44,B+,A,A+,C,B+,B+,A+,A+
318126520L48,7.12,7.12,B,A,A,C,B,A,A+,A+
318126520L49,7.52,7.52,B+,B+,A,B,B+,A,A+,O
318126520L50,5.92,5.92,B,B+,B,P,C,C,A+,A
318126520L51,,,F,B+,P,F,P,B,A+,A
,,,EM-III,MS&M,EM,MOS,ETD-I,MFT-I,SOM L,ME LA
,,,Enginee ring Mathem atics,Material Science and Metallur,Enginee ring Mechani cs,Mechani cs of Solids,Enginee ring Thermo dynami,Manufac turing Technol ogy-I,Strength of Material s Lab,Mechani cal Enginee ring
,,,Grad,Grad,Grad,Grad,Grad,Grad,Grad,Grad
318126520L52,7.16,7.16,B+,A,A,C,B+,B,A+,A+
318126520L53,8.04,8.04,B+,A,A+,B+,A,A,A+,A+
318126520L54,8.12,8.12,A,A,A+,B+,A,B+,A+,O
318126520L55,6.44,6.44,B,B+,A,P,C,B,A+,A+
